site,cruiseid,year,month,day,date,yrday_gmt,lat,lon,HLII_narB[cells/mL],temp,sal,depth[m],sigma_0,standard_deviation[cells/mL]
,,,,,,,,,,,,,,
HOT,174,2005,10,8,10/8/05,118886400,22.75,-158,51300,26.25405,35.1754,5,23.0885,1460
,,,,,,,,,,,,,,
HOT,174,2005,10,8,10/8/05,118886400,22.75,-158,54100,26.25405,35.1755,25,23.09,6960
,,,,,,,,,,,,,,
HOT,174,2005,10,8,10/8/05,118886400,22.75,-158,38800,26.25265,35.17535,45,23.092,2760
,,,,,,,,,,,,,,
HOT,174,2005,10,8,10/8/05,118886400,22.75,-158,44600,26.2519,35.1763,60,23.0935,3500
,,,,,,,,,,,,,,
HOT,174,2005,10,8,10/8/05,118886400,22.75,-158,42300,25.9974,35.1785,75,23.176,928
,,,,,,,,,,,,,,
HOT,174,2005,10,8,10/8/05,118886400,22.75,-158,31300,25.0553,35.17235,85,23.462,3150
,,,,,,,,,,,,,,
HOT,174,2005,10,8,10/8/05,118886400,22.75,-158,18100,23.56525,35.1773,100,23.9115,2530
,,,,,,,,,,,,,,
HOT,174,2005,10,8,10/8/05,118886400,22.75,-158,7870,22.64735,35.19795,115,24.193,1260
,,,,,,,,,,,,,,
HOT,174,2005,10,8,10/8/05,118886400,22.75,-158,3030,22.0517,35.2008,125,24.364,219
,,,,,,,,,,,,,,
HOT,174,2005,10,8,10/8/05,118886400,22.75,-158,148,20.5773,35.12525,150,24.713,27.8
,,,,,,,,,,,,,,
HOT,174,2005,10,8,10/8/05,118886400,22.75,-158,30.2,19.2756,35.011,175,24.968,10.4
,,,,,,,,,,,,,,
HOT,174,2005,10,8,10/8/05,118886400,22.75,-158,nd,18.106,34.8922,200,25.173,nd
,,,,,,,,,,,,,,
HOT,175,2005,11,12,11/12/05,121910400,22.75,-158,43800,25.27745,35.0801,5,23.3195,6170
,,,,,,,,,,,,,,
HOT,175,2005,11,12,11/12/05,121910400,22.75,-158,35200,25.28,35.0802,25,23.32,1810
,,,,,,,,,,,,,,
HOT,175,2005,11,12,11/12/05,121910400,22.75,-158,42400,25.27885,35.0848,45,23.325,3830
,,,,,,,,,,,,,,
HOT,175,2005,11,12,11/12/05,121910400,22.75,-158,31700,25.2777,35.0876,60,23.3285,3660
,,,,,,,,,,,,,,
HOT,175,2005,11,12,11/12/05,121910400,22.75,-158,34700,25.22485,35.0992,75,23.3545,2190
,,,,,,,,,,,,,,
HOT,175,2005,11,12,11/12/05,121910400,22.75,-158,29800,24.4633,35.10175,85,23.5875,2020
,,,,,,,,,,,,,,
HOT,175,2005,11,12,11/12/05,121910400,22.75,-158,3380,23.39295,35.12365,100,23.921,181
,,,,,,,,,,,,,,
HOT,175,2005,11,12,11/12/05,121910400,22.75,-158,1410,22.8093,35.1515,115,24.112,316
,,,,,,,,,,,,,,
HOT,175,2005,11,12,11/12/05,121910400,22.75,-158,385,22.4639,35.16315,125,24.2195,60.2
,,,,,,,,,,,,,,
HOT,175,2005,11,12,11/12/05,121910400,22.75,-158,14.7,21.6528,35.17895,150,24.4605,2.66
,,,,,,,,,,,,,,
HOT,175,2005,11,12,11/12/05,121910400,22.75,-158,0.65,21.02695,35.1564,175,24.616,nd
,,,,,,,,,,,,,,
HOT,175,2005,11,12,11/12/05,121910400,22.75,-158,8.21,19.98665,35.0378,200,24.805,1.96
,,,,,,,,,,,,,,
HOT,176,2005,12,13,12/13/05,124588800,22.75,-158,31400,24.9411,35.18485,5,23.501,2930
,,,,,,,,,,,,,,
HOT,176,2005,12,13,12/13/05,124588800,22.75,-158,31600,24.94765,35.1847,25,23.5,692
,,,,,,,,,,,,,,
HOT,176,2005,12,13,12/13/05,124588800,22.75,-158,29100,24.945,35.2107,45,23.522,11800
,,,,,,,,,,,,,,
HOT,176,2005,12,13,12/13/05,124588800,22.75,-158,27800,24.9565,35.2376,60,23.54,10600
,,,,,,,,,,,,,,
HOT,176,2005,12,13,12/13/05,124588800,22.75,-158,nd,24.9705,35.2784,75,23.5675,nd
,,,,,,,,,,,,,,
HOT,176,2005,12,13,12/13/05,124588800,22.75,-158,22900,24.9804,35.30105,85,23.5825,4700
,,,,,,,,,,,,,,
HOT,176,2005,12,13,12/13/05,124588800,22.75,-158,2770,24.39575,35.2807,100,23.744,1330
,,,,,,,,,,,,,,
HOT,176,2005,12,13,12/13/05,124588800,22.75,-158,106,23.2516,35.2117,115,24.0295,32.6
,,,,,,,,,,,,,,
HOT,176,2005,12,13,12/13/05,124588800,22.75,-158,60.2,22.55055,35.18635,125,24.2125,12.3
,,,,,,,,,,,,,,
HOT,176,2005,12,13,12/13/05,124588800,22.75,-158,12.3,21.30765,35.14925,150,24.5325,4.38
,,,,,,,,,,,,,,
HOT,176,2005,12,13,12/13/05,124588800,22.75,-158,11.7,20.1248,35.0651,175,24.788,4.34
,,,,,,,,,,,,,,
HOT,176,2005,12,13,12/13/05,124588800,22.75,-158,nd,18.7262,34.8682,200,25,nd
,,,,,,,,,,,,,,
HOT,177,2006,1,25,1/25/06,128304000,22.75,-158,19800,23.5587,35.264,5,23.9735,4510
,,,,,,,,,,,,,,
HOT,177,2006,1,25,1/25/06,128304000,22.75,-158,18600,23.55465,35.26365,25,23.9755,2960
,,,,,,,,,,,,,,
HOT,177,2006,1,25,1/25/06,128304000,22.75,-158,15600,23.53975,35.2641,45,23.9815,2000
,,,,,,,,,,,,,,
HOT,177,2006,1,25,1/25/06,128304000,22.75,-158,23100,23.5207,35.2664,60,23.9895,5840
,,,,,,,,,,,,,,
HOT,177,2006,1,25,1/25/06,128304000,22.75,-158,21700,23.50985,35.26915,75,23.9955,4430
,,,,,,,,,,,,,,
HOT,177,2006,1,25,1/25/06,128304000,22.75,-158,20000,23.49965,35.2725,85,24.002,2350
,,,,,,,,,,,,,,
HOT,177,2006,1,25,1/25/06,128304000,22.75,-158,22200,23.4595,35.2804,100,24.0205,2910
,,,,,,,,,,,,,,
HOT,177,2006,1,25,1/25/06,128304000,22.75,-158,16900,23.30265,35.2858,115,24.0715,954
,,,,,,,,,,,,,,
HOT,177,2006,1,25,1/25/06,128304000,22.75,-158,19100,23.07445,35.28475,125,24.137,1510
,,,,,,,,,,,,,,
HOT,177,2006,1,25,1/25/06,128304000,22.75,-158,13600,22.3017,35.26145,150,24.3415,3210
,,,,,,,,,,,,,,
HOT,177,2006,1,25,1/25/06,128304000,22.75,-158,130,20.8853,35.1215,175,24.628,42.9
,,,,,,,,,,,,,,
HOT,177,2006,1,25,1/25/06,128304000,22.75,-158,16.4,19.2925,34.9904,200,24.9495,6.23
,,,,,,,,,,,,,,
HOT,178,2006,2,15,2/15/06,130118400,22.75,-158,28400,23.1332,35.20415,5,24.052,2720
,,,,,,,,,,,,,,
HOT,178,2006,2,15,2/15/06,130118400,22.75,-158,28300,23.11835,35.20645,25,24.059,4180
,,,,,,,,,,,,,,
HOT,178,2006,2,15,2/15/06,130118400,22.75,-158,27600,23.10565,35.20965,45,24.0665,1790
,,,,,,,,,,,,,,
HOT,178,2006,2,15,2/15/06,130118400,22.75,-158,23100,23.10045,35.21175,60,24.0705,9080
,,,,,,,,,,,,,,
HOT,178,2006,2,15,2/15/06,130118400,22.75,-158,25900,23.0548,35.2177,75,24.0885,3840
,,,,,,,,,,,,,,
HOT,178,2006,2,15,2/15/06,130118400,22.75,-158,22300,22.9726,35.21425,85,24.1105,2460
,,,,,,,,,,,,,,
HOT,178,2006,2,15,2/15/06,130118400,22.75,-158,6350,22.5556,35.21925,100,24.2345,347
,,,,,,,,,,,,,,
HOT,178,2006,2,15,2/15/06,130118400,22.75,-158,345,21.96965,35.19,115,24.3785,68
,,,,,,,,,,,,,,
HOT,178,2006,2,15,2/15/06,130118400,22.75,-158,131,21.32235,35.11755,125,24.5035,26
,,,,,,,,,,,,,,
HOT,178,2006,2,15,2/15/06,130118400,22.75,-158,11.6,19.29295,34.82595,150,24.821,1.84
,,,,,,,,,,,,,,
HOT,178,2006,2,15,2/15/06,130118400,22.75,-158,0.65,17.6696,34.6354,175,25.082,nd
,,,,,,,,,,,,,,
HOT,178,2006,2,15,2/15/06,130118400,22.75,-158,nd,15.76415,34.4049,200,25.351,nd
,,,,,,,,,,,,,,
HOT,179,2006,3,10,3/10/06,132105600,22.75,-158,24500,23.2674,35.09715,5,23.932,2640
,,,,,,,,,,,,,,
HOT,179,2006,3,10,3/10/06,132105600,22.75,-158,24100,23.2695,35.10015,25,23.9345,3250
,,,,,,,,,,,,,,
HOT,179,2006,3,10,3/10/06,132105600,22.75,-158,24900,23.11695,35.13025,45,24.003,695
,,,,,,,,,,,,,,
HOT,179,2006,3,10,3/10/06,132105600,22.75,-158,23400,22.973,35.15445,60,24.0635,1510
,,,,,,,,,,,,,,
HOT,179,2006,3,10,3/10/06,132105600,22.75,-158,26500,22.8424,35.17,75,24.1135,3460
,,,,,,,,,,,,,,
HOT,179,2006,3,10,3/10/06,132105600,22.75,-158,15800,22.78565,35.18495,85,24.142,7430
,,,,,,,,,,,,,,
HOT,179,2006,3,10,3/10/06,132105600,22.75,-158,26700,22.73405,35.21965,100,24.184,618
,,,,,,,,,,,,,,
HOT,179,2006,3,10,3/10/06,132105600,22.75,-158,18400,22.6513,35.2423,115,24.226,1800
,,,,,,,,,,,,,,
HOT,179,2006,3,10,3/10/06,132105600,22.75,-158,3180,22.53695,35.25545,125,24.2685,525
,,,,,,,,,,,,,,
HOT,179,2006,3,10,3/10/06,132105600,22.75,-158,950,21.94075,35.2466,150,24.4315,192
,,,,,,,,,,,,,,
HOT,179,2006,3,10,3/10/06,132105600,22.75,-158,179,20.7205,35.11495,175,24.667,22.1
,,,,,,,,,,,,,,
HOT,179,2006,3,10,3/10/06,132105600,22.75,-158,20.2,19.21345,34.934,200,24.926,5.29
,,,,,,,,,,,,,,
HOT,180,2006,4,2,4/2/06,134092800,22.75,-158,39700,23.6137,34.8347,5,23.6315,4370
,,,,,,,,,,,,,,
HOT,180,2006,4,2,4/2/06,134092800,22.75,-158,32100,23.4793,34.88605,25,23.7115,2250
,,,,,,,,,,,,,,
HOT,180,2006,4,2,4/2/06,134092800,22.75,-158,27900,23.2829,35.0427,45,23.8885,1460
,,,,,,,,,,,,,,
HOT,180,2006,4,2,4/2/06,134092800,22.75,-158,25500,23.1966,35.0985,60,23.9565,6300
,,,,,,,,,,,,,,
HOT,180,2006,4,2,4/2/06,134092800,22.75,-158,16900,23.1131,35.1353,75,24.0095,933
,,,,,,,,,,,,,,
HOT,180,2006,4,2,4/2/06,134092800,22.75,-158,5490,23.02545,35.16925,85,24.061,171
,,,,,,,,,,,,,,
HOT,180,2006,4,2,4/2/06,134092800,22.75,-158,4730,22.8678,35.20825,100,24.137,360
,,,,,,,,,,,,,,
HOT,180,2006,4,2,4/2/06,134092800,22.75,-158,9860,22.688,35.23725,115,24.2115,288
,,,,,,,,,,,,,,
HOT,180,2006,4,2,4/2/06,134092800,22.75,-158,8400,22.5643,35.2549,125,24.2605,876
,,,,,,,,,,,,,,
HOT,180,2006,4,2,4/2/06,134092800,22.75,-158,4120,22.27195,35.2734,150,24.359,1180
,,,,,,,,,,,,,,
HOT,180,2006,4,2,4/2/06,134092800,22.75,-158,989,21.8258,35.25675,175,24.4725,41.3
,,,,,,,,,,,,,,
HOT,180,2006,4,2,4/2/06,134092800,22.75,-158,82.1,20.92385,35.15175,200,24.642,11.9
,,,,,,,,,,,,,,
HOT,181,2006,5,27,5/27/06,138844800,22.75,-158,39400,23.77715,35.21855,5,23.8745,1460
,,,,,,,,,,,,,,
HOT,181,2006,5,27,5/27/06,138844800,22.75,-158,44700,23.4776,35.20715,25,23.9555,6520
,,,,,,,,,,,,,,
HOT,181,2006,5,27,5/27/06,138844800,22.75,-158,35300,23.24255,35.2043,45,24.0225,1430
,,,,,,,,,,,,,,
HOT,181,2006,5,27,5/27/06,138844800,22.75,-158,29300,22.7994,35.2013,60,24.149,1530
,,,,,,,,,,,,,,
HOT,181,2006,5,27,5/27/06,138844800,22.75,-158,25000,22.0396,35.18685,75,24.3545,2500
,,,,,,,,,,,,,,
HOT,181,2006,5,27,5/27/06,138844800,22.75,-158,7240,21.64575,35.20215,85,24.4765,1540
,,,,,,,,,,,,,,
HOT,181,2006,5,27,5/27/06,138844800,22.75,-158,504,21.17,35.22915,100,24.629,44.6
,,,,,,,,,,,,,,
HOT,181,2006,5,27,5/27/06,138844800,22.75,-158,188,20.91095,35.2515,115,24.7165,46.5
,,,,,,,,,,,,,,
HOT,181,2006,5,27,5/27/06,138844800,22.75,-158,64.5,20.7024,35.24995,125,24.7725,19.8
,,,,,,,,,,,,,,
HOT,181,2006,5,27,5/27/06,138844800,22.75,-158,21.4,19.298,35.01505,150,24.9645,4.62
,,,,,,,,,,,,,,
HOT,181,2006,5,27,5/27/06,138844800,22.75,-158,41.5,17.56115,34.78015,175,25.219,20.2
,,,,,,,,,,,,,,
HOT,181,2006,5,27,5/27/06,138844800,22.75,-158,8.78,16.1026,34.62485,200,25.4435,2.38
,,,,,,,,,,,,,,
HOT,182,2006,6,14,6/14/06,140400000,22.75,-158,37300,25.89475,34.84045,5,22.948,3830
,,,,,,,,,,,,,,
HOT,182,2006,6,14,6/14/06,140400000,22.75,-158,40100,25.7102,34.8856,25,23.0405,8410
,,,,,,,,,,,,,,
HOT,182,2006,6,14,6/14/06,140400000,22.75,-158,38300,23.84405,35.1818,45,23.8295,4790
,,,,,,,,,,,,,,
HOT,182,2006,6,14,6/14/06,140400000,22.75,-158,41000,23.44285,35.2108,60,23.97,8840
,,,,,,,,,,,,,,
HOT,182,2006,6,14,6/14/06,140400000,22.75,-158,43300,23.1722,35.2248,75,24.0605,5740
,,,,,,,,,,,,,,
HOT,182,2006,6,14,6/14/06,140400000,22.75,-158,32000,22.881,35.22585,85,24.1455,2590
,,,,,,,,,,,,,,
HOT,182,2006,6,14,6/14/06,140400000,22.75,-158,28700,22.28315,35.21925,100,24.312,1290
,,,,,,,,,,,,,,
HOT,182,2006,6,14,6/14/06,140400000,22.75,-158,25100,21.6533,35.19545,115,24.4705,1920
,,,,,,,,,,,,,,
HOT,182,2006,6,14,6/14/06,140400000,22.75,-158,10900,21.18645,35.163,125,24.575,523
,,,,,,,,,,,,,,
HOT,182,2006,6,14,6/14/06,140400000,22.75,-158,427,19.9047,35.0339,150,24.8215,23.5
,,,,,,,,,,,,,,
HOT,182,2006,6,14,6/14/06,140400000,22.75,-158,nd,18.57975,34.8943,175,25.0555,nd
,,,,,,,,,,,,,,
HOT,182,2006,6,14,6/14/06,140400000,22.75,-158,0.65,17.21275,34.76265,200,25.2905,nd
,,,,,,,,,,,,,,
HOT,183,2006,7,13,7/13/06,142905600,22.75,-158,44200,25.31635,34.90445,5,23.175,4280
,,,,,,,,,,,,,,
HOT,183,2006,7,13,7/13/06,142905600,22.75,-158,41500,25.313,34.90485,25,23.1775,2780
,,,,,,,,,,,,,,
HOT,183,2006,7,13,7/13/06,142905600,22.75,-158,47300,25.2383,34.91035,45,23.2055,9330
,,,,,,,,,,,,,,
HOT,183,2006,7,13,7/13/06,142905600,22.75,-158,42100,24.62925,34.97345,60,23.439,6360
,,,,,,,,,,,,,,
HOT,183,2006,7,13,7/13/06,142905600,22.75,-158,39800,23.6996,35.08205,75,23.7985,2070
,,,,,,,,,,,,,,
HOT,183,2006,7,13,7/13/06,142905600,22.75,-158,24700,23.33845,35.1056,85,23.9225,3690
,,,,,,,,,,,,,,
HOT,183,2006,7,13,7/13/06,142905600,22.75,-158,10500,22.9425,35.15855,100,24.078,723
,,,,,,,,,,,,,,
HOT,183,2006,7,13,7/13/06,142905600,22.75,-158,1250,22.63845,35.18895,115,24.1885,156
,,,,,,,,,,,,,,
HOT,183,2006,7,13,7/13/06,142905600,22.75,-158,526,22.4092,35.20245,125,24.265,42.5
,,,,,,,,,,,,,,
HOT,183,2006,7,13,7/13/06,142905600,22.75,-158,17,21.7672,35.21965,150,24.4595,5.08
,,,,,,,,,,,,,,
HOT,183,2006,7,13,7/13/06,142905600,22.75,-158,13.8,20.9454,35.1674,175,24.6465,4.76
,,,,,,,,,,,,,,
HOT,183,2006,7,13,7/13/06,142905600,22.75,-158,61.8,19.6652,35.00425,200,24.8635,21.3
,,,,,,,,,,,,,,
HOT,184,2006,8,9,8/9/06,145238400,22.75,-158,60800,26.3379,34.8849,5,22.843,2640
,,,,,,,,,,,,,,
HOT,184,2006,8,9,8/9/06,145238400,22.75,-158,60400,26.32845,34.88535,25,22.8475,3900
,,,,,,,,,,,,,,
HOT,184,2006,8,9,8/9/06,145238400,22.75,-158,66900,25.64395,35.0769,45,23.207,10400
,,,,,,,,,,,,,,
HOT,184,2006,8,9,8/9/06,145238400,22.75,-158,25900,24.2796,35.1652,60,23.6885,2000
,,,,,,,,,,,,,,
HOT,184,2006,8,9,8/9/06,145238400,22.75,-158,9190,23.4493,35.19225,75,23.955,1130
,,,,,,,,,,,,,,
HOT,184,2006,8,9,8/9/06,145238400,22.75,-158,6580,23.13615,35.2068,85,24.0575,998
,,,,,,,,,,,,,,
HOT,184,2006,8,9,8/9/06,145238400,22.75,-158,831,22.655,35.2217,100,24.2085,56.7
,,,,,,,,,,,,,,
HOT,184,2006,8,9,8/9/06,145238400,22.75,-158,244,22.2748,35.22525,115,24.3195,8.85
,,,,,,,,,,,,,,
HOT,184,2006,8,9,8/9/06,145238400,22.75,-158,71.9,21.94395,35.2199,125,24.409,29.4
,,,,,,,,,,,,,,
HOT,184,2006,8,9,8/9/06,145238400,22.75,-158,0.65,20.82855,35.1465,150,24.661,nd
,,,,,,,,,,,,,,
HOT,184,2006,8,9,8/9/06,145238400,22.75,-158,nd,19.609,35.01055,175,24.8815,nd
,,,,,,,,,,,,,,
HOT,184,2006,8,9,8/9/06,145238400,22.75,-158,0.65,18.15945,34.82255,200,25.1065,nd
,,,,,,,,,,,,,,
HOT,185,2006,9,16,9/16/06,148521600,22.75,-158,57800,26.51775,35.16625,5,22.9985,3080
,,,,,,,,,,,,,,
HOT,185,2006,9,16,9/16/06,148521600,22.75,-158,59900,26.4733,35.1724,25,23.0185,4930
,,,,,,,,,,,,,,
HOT,185,2006,9,16,9/16/06,148521600,22.75,-158,65600,26.36275,35.19315,45,23.0705,6420
,,,,,,,,,,,,,,
HOT,185,2006,9,16,9/16/06,148521600,22.75,-158,36100,25.0901,35.16675,60,23.4455,4640
,,,,,,,,,,,,,,
HOT,185,2006,9,16,9/16/06,148521600,22.75,-158,31100,23.6273,35.17375,75,23.889,8840
,,,,,,,,,,,,,,
HOT,185,2006,9,16,9/16/06,148521600,22.75,-158,32000,23.24545,35.19065,85,24.0135,1020
,,,,,,,,,,,,,,
HOT,185,2006,9,16,9/16/06,148521600,22.75,-158,6880,22.7856,35.2131,100,24.164,788
,,,,,,,,,,,,,,
HOT,185,2006,9,16,9/16/06,148521600,22.75,-158,431,22.4358,35.2367,115,24.2825,68.7
,,,,,,,,,,,,,,
HOT,185,2006,9,16,9/16/06,148521600,22.75,-158,145,22.21725,35.24995,125,24.355,19.9
,,,,,,,,,,,,,,
HOT,185,2006,9,16,9/16/06,148521600,22.75,-158,9.68,21.28275,35.2071,150,24.5835,4.75
,,,,,,,,,,,,,,
HOT,185,2006,9,16,9/16/06,148521600,22.75,-158,8.38,20.12145,35.08565,175,24.805,1.23
,,,,,,,,,,,,,,
HOT,185,2006,9,16,9/16/06,148521600,22.75,-158,21.2,18.6243,34.9067,200,25.055,7.42
,,,,,,,,,,,,,,
HOT,186,2006,10,20,10/20/06,151459200,22.75,-158,52200,26.246,35.1355,5,23.061,8020
,,,,,,,,,,,,,,
HOT,186,2006,10,20,10/20/06,151459200,22.75,-158,59400,26.19465,35.13875,25,23.081,5550
,,,,,,,,,,,,,,
HOT,186,2006,10,20,10/20/06,151459200,22.75,-158,44500,25.94845,35.16065,45,23.176,5940
,,,,,,,,,,,,,,
HOT,186,2006,10,20,10/20/06,151459200,22.75,-158,43600,24.94805,35.15755,60,23.4815,3030
,,,,,,,,,,,,,,
HOT,186,2006,10,20,10/20/06,151459200,22.75,-158,30100,23.3614,35.18485,75,23.975,8360
,,,,,,,,,,,,,,
HOT,186,2006,10,20,10/20/06,151459200,22.75,-158,25100,22.882,35.2263,85,24.146,3890
,,,,,,,,,,,,,,
HOT,186,2006,10,20,10/20/06,151459200,22.75,-158,6100,22.38485,35.27155,100,24.323,1710
,,,,,,,,,,,,,,
HOT,186,2006,10,20,10/20/06,151459200,22.75,-158,139,22.07045,35.2955,115,24.43,17.5
,,,,,,,,,,,,,,
HOT,186,2006,10,20,10/20/06,151459200,22.75,-158,nd,21.8922,35.3062,125,24.489,nd
,,,,,,,,,,,,,,
HOT,186,2006,10,20,10/20/06,151459200,22.75,-158,10.8,21.5903,35.31885,150,24.584,5.18
,,,,,,,,,,,,,,
HOT,186,2006,10,20,10/20/06,151459200,22.75,-158,34.7,21.3541,35.3243,175,24.6545,7.53
,,,,,,,,,,,,,,
HOT,186,2006,10,20,10/20/06,151459200,22.75,-158,28.1,21.04955,35.30035,200,24.721,7.96
,,,,,,,,,,,,,,
HOT,187,2006,11,9,11/9/06,153187200,22.75,-158,63200,25.9526,35.09295,5,23.1205,2560
,,,,,,,,,,,,,,
HOT,187,2006,11,9,11/9/06,153187200,22.75,-158,60300,25.94275,35.09955,25,23.13,6100
,,,,,,,,,,,,,,
HOT,187,2006,11,9,11/9/06,153187200,22.75,-158,57400,25.8898,35.13305,45,23.173,4540
,,,,,,,,,,,,,,
HOT,187,2006,11,9,11/9/06,153187200,22.75,-158,53300,25.668,35.14775,60,23.254,9730
,,,,,,,,,,,,,,
HOT,187,2006,11,9,11/9/06,153187200,22.75,-158,24800,24.69175,35.13035,75,23.54,6960
,,,,,,,,,,,,,,
HOT,187,2006,11,9,11/9/06,153187200,22.75,-158,10900,23.9264,35.1574,85,23.7895,350
,,,,,,,,,,,,,,
HOT,187,2006,11,9,11/9/06,153187200,22.75,-158,807,23.04025,35.1949,100,24.0775,160
,,,,,,,,,,,,,,
HOT,187,2006,11,9,11/9/06,153187200,22.75,-158,62.9,22.5371,35.23105,115,24.25,8.78
,,,,,,,,,,,,,,
HOT,187,2006,11,9,11/9/06,153187200,22.75,-158,28.9,22.23825,35.2534,125,24.352,12
,,,,,,,,,,,,,,
HOT,187,2006,11,9,11/9/06,153187200,22.75,-158,0.65,21.5682,35.27105,150,24.5535,nd
,,,,,,,,,,,,,,
HOT,187,2006,11,9,11/9/06,153187200,22.75,-158,nd,20.7682,35.2034,175,24.722,nd
,,,,,,,,,,,,,,
HOT,187,2006,11,9,11/9/06,153187200,22.75,-158,0.65,19.56515,35.048,200,24.923,nd
,,,,,,,,,,,,,,
HOT,188,2006,12,10,12/10/06,155865600,22.75,-158,70600,24.89145,35.2388,5,23.5565,4290
,,,,,,,,,,,,,,
HOT,188,2006,12,10,12/10/06,155865600,22.75,-158,64600,24.895,35.23975,25,23.558,3260
,,,,,,,,,,,,,,
HOT,188,2006,12,10,12/10/06,155865600,22.75,-158,46600,24.89795,35.23975,45,23.558,11000
,,,,,,,,,,,,,,
HOT,188,2006,12,10,12/10/06,155865600,22.75,-158,54900,24.90025,35.24125,60,23.5595,8110
,,,,,,,,,,,,,,
HOT,188,2006,12,10,12/10/06,155865600,22.75,-158,55400,24.90095,35.2446,75,23.5625,1460
,,,,,,,,,,,,,,
HOT,188,2006,12,10,12/10/06,155865600,22.75,-158,6320,24.7286,35.24495,85,23.6155,915
,,,,,,,,,,,,,,
HOT,188,2006,12,10,12/10/06,155865600,22.75,-158,1580,22.8401,35.1908,100,24.132,353
,,,,,,,,,,,,,,
HOT,188,2006,12,10,12/10/06,155865600,22.75,-158,287,21.9155,35.164,115,24.3735,41.3
,,,,,,,,,,,,,,
HOT,188,2006,12,10,12/10/06,155865600,22.75,-158,38.9,21.31965,35.14855,125,24.5275,13.6
,,,,,,,,,,,,,,
HOT,188,2006,12,10,12/10/06,155865600,22.75,-158,0.65,19.98395,35.0498,150,24.8125,nd
,,,,,,,,,,,,,,
HOT,188,2006,12,10,12/10/06,155865600,22.75,-158,9.43,18.6145,34.9055,175,25.0555,4.66
,,,,,,,,,,,,,,
HOT,188,2006,12,10,12/10/06,155865600,22.75,-158,0.65,17.26015,34.7481,200,25.2675,nd
,,,,,,,,,,,,,,
HOT,189,2007,2,8,2/8/07,161049600,22.75,-158,17800,23.809,35.1863,5,23.846,3830
,,,,,,,,,,,,,,
HOT,189,2007,2,8,2/8/07,161049600,22.75,-158,24800,23.7555,35.1995,25,23.881,7580
,,,,,,,,,,,,,,
HOT,189,2007,2,8,2/8/07,161049600,22.75,-158,23100,23.7643,35.1912,45,23.869,6780
,,,,,,,,,,,,,,
HOT,189,2007,2,8,2/8/07,161049600,22.75,-158,21100,23.7963,nd,60,nd,7040
,,,,,,,,,,,,,,
HOT,189,2007,2,8,2/8/07,161049600,22.75,-158,21800,23.7022,35.1934,75,23.887,4040
,,,,,,,,,,,,,,
HOT,189,2007,2,8,2/8/07,161049600,22.75,-158,19700,23.7738,nd,85,nd,2380
,,,,,,,,,,,,,,
HOT,189,2007,2,8,2/8/07,161049600,22.75,-158,10800,22.9965,35.1942,100,24.084,1950
,,,,,,,,,,,,,,
HOT,189,2007,2,8,2/8/07,161049600,22.75,-158,959,22.9242,nd,115,nd,333
,,,,,,,,,,,,,,
HOT,189,2007,2,8,2/8/07,161049600,22.75,-158,583,22.0683,35.1811,125,24.341,34.6
,,,,,,,,,,,,,,
HOT,189,2007,2,8,2/8/07,161049600,22.75,-158,nd,21.0091,35.1463,150,24.614,nd
,,,,,,,,,,,,,,
HOT,189,2007,2,8,2/8/07,161049600,22.75,-158,nd,19.8501,35.0506,175,24.841,nd
,,,,,,,,,,,,,,
HOT,189,2007,2,8,2/8/07,161049600,22.75,-158,0.65,17.953,nd,200,nd,nd
,,,,,,,,,,,,,,
HOT,190,2007,3,22,3/22/07,164678400,22.75,-158,59500,23.4562,35.147,5,23.919,29500
,,,,,,,,,,,,,,
HOT,190,2007,3,22,3/22/07,164678400,22.75,-158,69900,23.402,35.1608,25,23.945,5720
,,,,,,,,,,,,,,
HOT,190,2007,3,22,3/22/07,164678400,22.75,-158,65300,23.2276,35.1749,45,24.009,2500
,,,,,,,,,,,,,,
HOT,190,2007,3,22,3/22/07,164678400,22.75,-158,57800,23.1746,nd,60,nd,5470
,,,,,,,,,,,,,,
HOT,190,2007,3,22,3/22/07,164678400,22.75,-158,49900,22.8721,35.227,75,24.15,3580
,,,,,,,,,,,,,,
HOT,190,2007,3,22,3/22/07,164678400,22.75,-158,22400,22.6791,nd,85,nd,3340
,,,,,,,,,,,,,,
HOT,190,2007,3,22,3/22/07,164678400,22.75,-158,8760,22.1968,35.2229,100,24.338,1270
,,,,,,,,,,,,,,
HOT,190,2007,3,22,3/22/07,164678400,22.75,-158,7640,21.7891,nd,115,nd,1250
,,,,,,,,,,,,,,
HOT,190,2007,3,22,3/22/07,164678400,22.75,-158,nd,21.4461,35.2154,125,24.54,nd
,,,,,,,,,,,,,,
HOT,190,2007,3,22,3/22/07,164678400,22.75,-158,nd,20.6821,35.1507,150,24.701,nd
,,,,,,,,,,,,,,
HOT,190,2007,3,22,3/22/07,164678400,22.75,-158,9.41,19.7446,35.0234,175,24.856,4.08
,,,,,,,,,,,,,,
HOT,190,2007,3,22,3/22/07,164678400,22.75,-158,0.65,17.3554,nd,200,nd,nd
,,,,,,,,,,,,,,
HOT,191,2007,5,6,5/6/07,168566400,22.75,-158,69400,24.6593,34.8719,5,23.343,17100
,,,,,,,,,,,,,,
HOT,191,2007,5,6,5/6/07,168566400,22.75,-158,59000,24.6013,34.8706,25,23.353,3070
,,,,,,,,,,,,,,
HOT,191,2007,5,6,5/6/07,168566400,22.75,-158,71600,24.584,34.8712,45,23.376,7230
,,,,,,,,,,,,,,
HOT,191,2007,5,6,5/6/07,168566400,22.75,-158,nd,24.1539,nd,60,nd,nd
,,,,,,,,,,,,,,
HOT,191,2007,5,6,5/6/07,168566400,22.75,-158,59000,23.8517,35.008,75,23.718,4130
,,,,,,,,,,,,,,
HOT,191,2007,5,6,5/6/07,168566400,22.75,-158,61200,23.542,nd,85,nd,10900
,,,,,,,,,,,,,,
HOT,191,2007,5,6,5/6/07,168566400,22.75,-158,58700,23.2899,35.1428,100,23.981,3500
,,,,,,,,,,,,,,
HOT,191,2007,5,6,5/6/07,168566400,22.75,-158,45500,23.0179,nd,115,nd,17300
,,,,,,,,,,,,,,
HOT,191,2007,5,6,5/6/07,168566400,22.75,-158,12500,22.5299,35.2086,125,24.217,5470
,,,,,,,,,,,,,,
HOT,191,2007,5,6,5/6/07,168566400,22.75,-158,3240,21.9184,35.1841,150,24.39,539
,,,,,,,,,,,,,,
HOT,191,2007,5,6,5/6/07,168566400,22.75,-158,25.4,20.7977,35.1365,175,24.658,12.2
,,,,,,,,,,,,,,
HOT,191,2007,5,6,5/6/07,168566400,22.75,-158,58.8,19.4183,nd,200,nd,16.1
,,,,,,,,,,,,,,
HOT,192,nd,nd,nd,nd,nd,22.75,-158,nd,25.539,34.9691,5,23.122,nd
,,,,,,,,,,,,,,
HOT,192,nd,nd,nd,nd,nd,22.75,-158,nd,25.4667,35.0114,25,23.141,nd
,,,,,,,,,,,,,,
HOT,192,nd,nd,nd,nd,nd,22.75,-158,nd,24.8471,35.0948,45,23.385,nd
,,,,,,,,,,,,,,
HOT,192,nd,nd,nd,nd,nd,22.75,-158,nd,24.5481,nd,60,nd,nd
,,,,,,,,,,,,,,
HOT,192,nd,nd,nd,nd,nd,22.75,-158,nd,23.8064,35.0893,75,23.741,nd
,,,,,,,,,,,,,,
HOT,192,nd,nd,nd,nd,nd,22.75,-158,nd,nd,nd,85,nd,nd
,,,,,,,,,,,,,,
HOT,192,nd,nd,nd,nd,nd,22.75,-158,nd,23.2271,35.1526,100,23.984,nd
,,,,,,,,,,,,,,
HOT,192,nd,nd,nd,nd,nd,22.75,-158,nd,nd,nd,115,nd,nd
,,,,,,,,,,,,,,
HOT,192,nd,nd,nd,nd,nd,22.75,-158,nd,22.6644,35.1937,125,24.184,nd
,,,,,,,,,,,,,,
HOT,192,nd,nd,nd,nd,nd,22.75,-158,nd,22.0291,35.2125,150,24.379,nd
,,,,,,,,,,,,,,
HOT,192,nd,nd,nd,nd,nd,22.75,-158,nd,21.3379,35.2016,175,24.566,nd
,,,,,,,,,,,,,,
HOT,192,nd,nd,nd,nd,nd,22.75,-158,nd,19.9883,nd,200,nd,nd
,,,,,,,,,,,,,,
HOT,193,2007,7,9,7/9/07,174096000,22.75,-158,nd,25.6587,35.0656,5,23.189,nd
,,,,,,,,,,,,,,
HOT,193,2007,7,9,7/9/07,174096000,22.75,-158,68700,25.6486,35.0644,25,23.19,15900
,,,,,,,,,,,,,,
HOT,193,2007,7,9,7/9/07,174096000,22.75,-158,106000,25.5257,35.0849,45,23.244,1930
,,,,,,,,,,,,,,
HOT,193,2007,7,9,7/9/07,174096000,22.75,-158,88100,24.9351,nd,60,nd,13500
,,,,,,,,,,,,,,
HOT,193,2007,7,9,7/9/07,174096000,22.75,-158,57500,23.7757,35.1814,75,23.85,5920
,,,,,,,,,,,,,,
HOT,193,2007,7,9,7/9/07,174096000,22.75,-158,52400,23.5138,nd,85,nd,4970
,,,,,,,,,,,,,,
HOT,193,2007,7,9,7/9/07,174096000,22.75,-158,40400,22.8651,35.1978,100,24.129,8230
,,,,,,,,,,,,,,
HOT,193,2007,7,9,7/9/07,174096000,22.75,-158,12900,22.6062,nd,115,nd,3950
,,,,,,,,,,,,,,
HOT,193,2007,7,9,7/9/07,174096000,22.75,-158,1470,22.0586,35.1958,125,24.357,256
,,,,,,,,,,,,,,
HOT,193,2007,7,9,7/9/07,174096000,22.75,-158,121,21.1918,35.1515,150,24.567,23.3
,,,,,,,,,,,,,,
HOT,193,2007,7,9,7/9/07,174096000,22.75,-158,nd,20.0654,35.0615,175,24.806,nd
,,,,,,,,,,,,,,
HOT,193,2007,7,9,7/9/07,174096000,22.75,-158,nd,18.4812,nd,200,nd,nd
,,,,,,,,,,,,,,
HOT,194,2007,8,5,8/5/07,176428800,22.75,-158,58700,26.4102,35.0233,5,22.926,15900
,,,,,,,,,,,,,,
HOT,194,2007,8,5,8/5/07,176428800,22.75,-158,nd,26.3977,35.0244,25,22.932,nd
,,,,,,,,,,,,,,
HOT,194,2007,8,5,8/5/07,176428800,22.75,-158,61900,26.0456,35.0233,45,23.046,10500
,,,,,,,,,,,,,,
HOT,194,2007,8,5,8/5/07,176428800,22.75,-158,70500,25.8878,nd,60,nd,7090
,,,,,,,,,,,,,,
HOT,194,2007,8,5,8/5/07,176428800,22.75,-158,53800,25.3704,35.0018,75,23.223,12100
,,,,,,,,,,,,,,
HOT,194,2007,8,5,8/5/07,176428800,22.75,-158,57600,25.0843,nd,85,nd,11900
,,,,,,,,,,,,,,
HOT,194,2007,8,5,8/5/07,176428800,22.75,-158,34900,24.001,34.9853,100,23.627,5030
,,,,,,,,,,,,,,
HOT,194,2007,8,5,8/5/07,176428800,22.75,-158,4240,22.9432,nd,115,nd,694
,,,,,,,,,,,,,,
HOT,194,2007,8,5,8/5/07,176428800,22.75,-158,496,22.0276,34.9802,125,24.202,31.4
,,,,,,,,,,,,,,
HOT,194,2007,8,5,8/5/07,176428800,22.75,-158,0.65,20.1271,34.8536,150,24.623,nd
,,,,,,,,,,,,,,
HOT,194,2007,8,5,8/5/07,176428800,22.75,-158,14.6,18.5201,34.7141,175,24.939,2.21
,,,,,,,,,,,,,,
HOT,194,2007,8,5,8/5/07,176428800,22.75,-158,26.4,16.5031,nd,200,nd,9.55
,,,,,,,,,,,,,,
HOT,195,2007,9,4,9/4/07,179020800,22.75,-158,99700,26.5414,35.1109,5,22.943,8300
,,,,,,,,,,,,,,
HOT,195,2007,9,4,9/4/07,179020800,22.75,-158,133000,26.5381,35.1332,25,22.99,8970
,,,,,,,,,,,,,,
HOT,195,2007,9,4,9/4/07,179020800,22.75,-158,106000,26.3909,35.1697,45,23.054,9220
,,,,,,,,,,,,,,
HOT,195,2007,9,4,9/4/07,179020800,22.75,-158,71500,25.4212,nd,60,nd,9730
,,,,,,,,,,,,,,
HOT,195,2007,9,4,9/4/07,179020800,22.75,-158,42000,24.1313,35.1841,75,23.755,8190
,,,,,,,,,,,,,,
HOT,195,2007,9,4,9/4/07,179020800,22.75,-158,46700,23.7607,nd,85,nd,4330
,,,,,,,,,,,,,,
HOT,195,2007,9,4,9/4/07,179020800,22.75,-158,1520,22.7484,35.185,100,24.146,237
,,,,,,,,,,,,,,
HOT,195,2007,9,4,9/4/07,179020800,22.75,-158,38.7,22.3904,nd,115,nd,14.7
,,,,,,,,,,,,,,
HOT,195,2007,9,4,9/4/07,179020800,22.75,-158,nd,21.4979,35.1501,125,24.474,nd
,,,,,,,,,,,,,,
HOT,195,2007,9,4,9/4/07,179020800,22.75,-158,17.5,20.5593,35.0827,150,24.691,1.26
,,,,,,,,,,,,,,
HOT,195,2007,9,4,9/4/07,179020800,22.75,-158,14.1,19.3686,34.977,175,24.923,5.13
,,,,,,,,,,,,,,
HOT,195,2007,9,4,9/4/07,179020800,22.75,-158,0.65,17.7621,nd,200,nd,nd
,,,,,,,,,,,,,,
HOT,196,2007,10,4,10/4/07,181612800,22.75,-158,42200,26.0884,35.0838,5,23.069,1530
,,,,,,,,,,,,,,
HOT,196,2007,10,4,10/4/07,181612800,22.75,-158,39400,26.0926,35.0836,25,23.068,2260
,,,,,,,,,,,,,,
HOT,196,2007,10,4,10/4/07,181612800,22.75,-158,39000,26.0917,35.0831,45,23.069,5320
,,,,,,,,,,,,,,
HOT,196,2007,10,4,10/4/07,181612800,22.75,-158,38500,26.0888,nd,60,nd,1060
,,,,,,,,,,,,,,
HOT,196,2007,10,4,10/4/07,181612800,22.75,-158,39100,25.9115,35.1101,75,23.144,7140
,,,,,,,,,,,,,,
HOT,196,2007,10,4,10/4/07,181612800,22.75,-158,37500,25.1125,nd,85,nd,4670
,,,,,,,,,,,,,,
HOT,196,2007,10,4,10/4/07,181612800,22.75,-158,20900,23.9761,35.1189,100,23.741,1420
,,,,,,,,,,,,,,
HOT,196,2007,10,4,10/4/07,181612800,22.75,-158,5980,23.0877,nd,115,nd,875
,,,,,,,,,,,,,,
HOT,196,2007,10,4,10/4/07,181612800,22.75,-158,3110,22.6592,35.1793,125,24.173,668
,,,,,,,,,,,,,,
HOT,196,2007,10,4,10/4/07,181612800,22.75,-158,124,21.4863,35.1706,150,24.496,9.61
,,,,,,,,,,,,,,
HOT,196,2007,10,4,10/4/07,181612800,22.75,-158,13.3,20.1409,35.0727,175,24.787,5.12
,,,,,,,,,,,,,,
HOT,196,2007,10,4,10/4/07,181612800,22.75,-158,0.65,18.54,nd,200,nd,nd
,,,,,,,,,,,,,,
HOT,197,2007,12,3,12/3/07,186796800,22.75,-158,24800,25.0918,35.0199,5,23.333,3720
,,,,,,,,,,,,,,
HOT,197,2007,12,3,12/3/07,186796800,22.75,-158,29200,25.0832,35.0528,25,23.355,7570
,,,,,,,,,,,,,,
HOT,197,2007,12,3,12/3/07,186796800,22.75,-158,28600,25.0678,35.0729,45,23.382,5910
,,,,,,,,,,,,,,
HOT,197,2007,12,3,12/3/07,186796800,22.75,-158,31000,25.0626,nd,60,nd,9000
,,,,,,,,,,,,,,
HOT,197,2007,12,3,12/3/07,186796800,22.75,-158,28100,24.8443,35.0997,75,23.459,7750
,,,,,,,,,,,,,,
HOT,197,2007,12,3,12/3/07,186796800,22.75,-158,22600,23.7914,nd,85,nd,5470
,,,,,,,,,,,,,,
HOT,197,2007,12,3,12/3/07,186796800,22.75,-158,2370,22.6582,35.0268,100,24.07,421
,,,,,,,,,,,,,,
HOT,197,2007,12,3,12/3/07,186796800,22.75,-158,103,21.9432,nd,115,nd,42.9
,,,,,,,,,,,,,,
HOT,197,2007,12,3,12/3/07,186796800,22.75,-158,45.9,21.091,35.0008,125,24.477,17.3
,,,,,,,,,,,,,,
HOT,197,2007,12,3,12/3/07,186796800,22.75,-158,0.65,20.0054,34.9918,150,24.766,nd
,,,,,,,,,,,,,,
HOT,197,2007,12,3,12/3/07,186796800,22.75,-158,14.4,18.8159,34.8489,175,24.966,3.19
,,,,,,,,,,,,,,
HOT,197,2007,12,3,12/3/07,186796800,22.75,-158,8.08,16.8493,nd,200,nd,3.7
,,,,,,,,,,,,,,
HOT,198,2007,12,22,12/22/07,188438400,22.75,-158,30400,24.5027,35.0132,5,23.506,1470
,,,,,,,,,,,,,,
HOT,198,2007,12,22,12/22/07,188438400,22.75,-158,34100,24.5005,35.0137,25,23.523,2320
,,,,,,,,,,,,,,
HOT,198,2007,12,22,12/22/07,188438400,22.75,-158,29700,24.4987,35.0228,45,23.518,1880
,,,,,,,,,,,,,,
HOT,198,2007,12,22,12/22/07,188438400,22.75,-158,36400,24.4672,nd,60,nd,3480
,,,,,,,,,,,,,,
HOT,198,2007,12,22,12/22/07,188438400,22.75,-158,29700,24.4731,35.0396,75,23.534,1270
,,,,,,,,,,,,,,
HOT,198,2007,12,22,12/22/07,188438400,22.75,-158,23500,24.4442,nd,85,nd,2880
,,,,,,,,,,,,,,
HOT,198,2007,12,22,12/22/07,188438400,22.75,-158,17600,24.3287,35.0687,100,23.601,2370
,,,,,,,,,,,,,,
HOT,198,2007,12,22,12/22/07,188438400,22.75,-158,8960,23.6244,nd,115,nd,2440
,,,,,,,,,,,,,,
HOT,198,2007,12,22,12/22/07,188438400,22.75,-158,3620,22.8926,35.1005,125,24.051,219
,,,,,,,,,,,,,,
HOT,198,2007,12,22,12/22/07,188438400,22.75,-158,196,21.632,35.1198,150,24.416,10.7
,,,,,,,,,,,,,,
HOT,198,2007,12,22,12/22/07,188438400,22.75,-158,nd,20.6273,35.0962,175,24.674,nd
,,,,,,,,,,,,,,
HOT,198,2007,12,22,12/22/07,188438400,22.75,-158,0.65,19.5382,nd,200,nd,nd
,,,,,,,,,,,,,,
HOT,199,2008,1,31,1/31/08,191894400,22.75,-158,18300,nd,nd,5,nd,6690
,,,,,,,,,,,,,,
HOT,199,2008,1,31,1/31/08,191894400,22.75,-158,15200,nd,nd,25,nd,4710
,,,,,,,,,,,,,,
HOT,199,2008,1,31,1/31/08,191894400,22.75,-158,21300,nd,nd,45,nd,861
,,,,,,,,,,,,,,
HOT,199,2008,1,31,1/31/08,191894400,22.75,-158,20000,nd,nd,60,nd,4790
,,,,,,,,,,,,,,
HOT,199,2008,1,31,1/31/08,191894400,22.75,-158,26400,nd,nd,75,nd,4540
,,,,,,,,,,,,,,
HOT,199,2008,1,31,1/31/08,191894400,22.75,-158,18300,nd,nd,85,nd,6480
,,,,,,,,,,,,,,
HOT,199,2008,1,31,1/31/08,191894400,22.75,-158,24400,nd,nd,100,nd,3510
,,,,,,,,,,,,,,
HOT,199,2008,1,31,1/31/08,191894400,22.75,-158,24100,nd,nd,115,nd,6950
,,,,,,,,,,,,,,
HOT,199,2008,1,31,1/31/08,191894400,22.75,-158,12300,nd,nd,125,nd,2580
,,,,,,,,,,,,,,
HOT,199,2008,1,31,1/31/08,191894400,22.75,-158,0.65,nd,nd,150,nd,nd
,,,,,,,,,,,,,,
HOT,199,2008,1,31,1/31/08,191894400,22.75,-158,0.65,nd,nd,175,nd,nd
,,,,,,,,,,,,,,
HOT,199,2008,1,31,1/31/08,191894400,22.75,-158,0.65,nd,nd,200,nd,nd
site,cruiseid,year,month,day,date,yrday_gmt,lat,lon,LLI_narB[cells/mL],temp,sal,depth[m],sigma_0,standard_deviation[cells/mL]
,,,,,,,,,,,,,,
HOT,174,2005,10,8,10/8/05,118886400,22.75,-158,0.65,26.25405,35.1754,5,23.0885,nd
,,,,,,,,,,,,,,
HOT,174,2005,10,8,10/8/05,118886400,22.75,-158,0.65,26.25405,35.1755,25,23.09,nd
,,,,,,,,,,,,,,
HOT,174,2005,10,8,10/8/05,118886400,22.75,-158,nd,26.25265,35.17535,45,23.092,nd
,,,,,,,,,,,,,,
HOT,174,2005,10,8,10/8/05,118886400,22.75,-158,0.65,26.2519,35.1763,60,23.0935,nd
,,,,,,,,,,,,,,
HOT,174,2005,10,8,10/8/05,118886400,22.75,-158,0.65,25.9974,35.1785,75,23.176,nd
,,,,,,,,,,,,,,
HOT,174,2005,10,8,10/8/05,118886400,22.75,-158,26.6,25.0553,35.17235,85,23.462,12.8
,,,,,,,,,,,,,,
HOT,174,2005,10,8,10/8/05,118886400,22.75,-158,23900,23.56525,35.1773,100,23.9115,6080
,,,,,,,,,,,,,,
HOT,174,2005,10,8,10/8/05,118886400,22.75,-158,39500,22.64735,35.19795,115,24.193,5630
,,,,,,,,,,,,,,
HOT,174,2005,10,8,10/8/05,118886400,22.75,-158,36600,22.0517,35.2008,125,24.364,2730
,,,,,,,,,,,,,,
HOT,174,2005,10,8,10/8/05,118886400,22.75,-158,9200,20.5773,35.12525,150,24.713,2160
,,,,,,,,,,,,,,
HOT,174,2005,10,8,10/8/05,118886400,22.75,-158,1700,19.2756,35.011,175,24.968,160
,,,,,,,,,,,,,,
HOT,174,2005,10,8,10/8/05,118886400,22.75,-158,65,18.106,34.8922,200,25.173,15.5
,,,,,,,,,,,,,,
HOT,175,2005,11,12,11/12/05,121910400,22.75,-158,20.8,25.27745,35.0801,5,23.3195,5.66
,,,,,,,,,,,,,,
HOT,175,2005,11,12,11/12/05,121910400,22.75,-158,50.5,25.28,35.0802,25,23.32,17.7
,,,,,,,,,,,,,,
HOT,175,2005,11,12,11/12/05,121910400,22.75,-158,68,25.27885,35.0848,45,23.325,27.3
,,,,,,,,,,,,,,
HOT,175,2005,11,12,11/12/05,121910400,22.75,-158,22.6,25.2777,35.0876,60,23.3285,3.96
,,,,,,,,,,,,,,
HOT,175,2005,11,12,11/12/05,121910400,22.75,-158,75.2,25.22485,35.0992,75,23.3545,17.2
,,,,,,,,,,,,,,
HOT,175,2005,11,12,11/12/05,121910400,22.75,-158,727,24.4633,35.10175,85,23.5875,133
,,,,,,,,,,,,,,
HOT,175,2005,11,12,11/12/05,121910400,22.75,-158,31100,23.39295,35.12365,100,23.921,5830
,,,,,,,,,,,,,,
HOT,175,2005,11,12,11/12/05,121910400,22.75,-158,21400,22.8093,35.1515,115,24.112,5560
,,,,,,,,,,,,,,
HOT,175,2005,11,12,11/12/05,121910400,22.75,-158,14000,22.4639,35.16315,125,24.2195,1150
,,,,,,,,,,,,,,
HOT,175,2005,11,12,11/12/05,121910400,22.75,-158,1520,21.6528,35.17895,150,24.4605,173
,,,,,,,,,,,,,,
HOT,175,2005,11,12,11/12/05,121910400,22.75,-158,188,21.02695,35.1564,175,24.616,25
,,,,,,,,,,,,,,
HOT,175,2005,11,12,11/12/05,121910400,22.75,-158,23.8,19.98665,35.0378,200,24.805,4.86
,,,,,,,,,,,,,,
HOT,176,2005,12,13,12/13/05,124588800,22.75,-158,96,24.9411,35.18485,5,23.501,41.4
,,,,,,,,,,,,,,
HOT,176,2005,12,13,12/13/05,124588800,22.75,-158,139,24.94765,35.1847,25,23.5,44.2
,,,,,,,,,,,,,,
HOT,176,2005,12,13,12/13/05,124588800,22.75,-158,34.7,24.945,35.2107,45,23.522,16.9
,,,,,,,,,,,,,,
HOT,176,2005,12,13,12/13/05,124588800,22.75,-158,nd,24.9565,35.2376,60,23.54,nd
,,,,,,,,,,,,,,
HOT,176,2005,12,13,12/13/05,124588800,22.75,-158,nd,24.9705,35.2784,75,23.5675,nd
,,,,,,,,,,,,,,
HOT,176,2005,12,13,12/13/05,124588800,22.75,-158,334,24.9804,35.30105,85,23.5825,91.8
,,,,,,,,,,,,,,
HOT,176,2005,12,13,12/13/05,124588800,22.75,-158,3910,24.39575,35.2807,100,23.744,1650
,,,,,,,,,,,,,,
HOT,176,2005,12,13,12/13/05,124588800,22.75,-158,5320,23.2516,35.2117,115,24.0295,1250
,,,,,,,,,,,,,,
HOT,176,2005,12,13,12/13/05,124588800,22.75,-158,2980,22.55055,35.18635,125,24.2125,824
,,,,,,,,,,,,,,
HOT,176,2005,12,13,12/13/05,124588800,22.75,-158,257,21.30765,35.14925,150,24.5325,86.1
,,,,,,,,,,,,,,
HOT,176,2005,12,13,12/13/05,124588800,22.75,-158,33.6,20.1248,35.0651,175,24.788,14.4
,,,,,,,,,,,,,,
HOT,176,2005,12,13,12/13/05,124588800,22.75,-158,0.65,18.7262,34.8682,200,25,nd
,,,,,,,,,,,,,,
HOT,177,2006,1,25,1/25/06,128304000,22.75,-158,942,23.5587,35.264,5,23.9735,445
,,,,,,,,,,,,,,
HOT,177,2006,1,25,1/25/06,128304000,22.75,-158,1000,23.55465,35.26365,25,23.9755,296
,,,,,,,,,,,,,,
HOT,177,2006,1,25,1/25/06,128304000,22.75,-158,735,23.53975,35.2641,45,23.9815,147
,,,,,,,,,,,,,,
HOT,177,2006,1,25,1/25/06,128304000,22.75,-158,807,23.5207,35.2664,60,23.9895,287
,,,,,,,,,,,,,,
HOT,177,2006,1,25,1/25/06,128304000,22.75,-158,506,23.50985,35.26915,75,23.9955,187
,,,,,,,,,,,,,,
HOT,177,2006,1,25,1/25/06,128304000,22.75,-158,447,23.49965,35.2725,85,24.002,133
,,,,,,,,,,,,,,
HOT,177,2006,1,25,1/25/06,128304000,22.75,-158,567,23.4595,35.2804,100,24.0205,138
,,,,,,,,,,,,,,
HOT,177,2006,1,25,1/25/06,128304000,22.75,-158,344,23.30265,35.2858,115,24.0715,112
,,,,,,,,,,,,,,
HOT,177,2006,1,25,1/25/06,128304000,22.75,-158,531,23.07445,35.28475,125,24.137,114
,,,,,,,,,,,,,,
HOT,177,2006,1,25,1/25/06,128304000,22.75,-158,2140,22.3017,35.26145,150,24.3415,534
,,,,,,,,,,,,,,
HOT,177,2006,1,25,1/25/06,128304000,22.75,-158,456,20.8853,35.1215,175,24.628,80.6
,,,,,,,,,,,,,,
HOT,177,2006,1,25,1/25/06,128304000,22.75,-158,11.6,19.2925,34.9904,200,24.9495,4.2
,,,,,,,,,,,,,,
HOT,178,2006,2,15,2/15/06,130118400,22.75,-158,1720,23.1332,35.20415,5,24.052,239
,,,,,,,,,,,,,,
HOT,178,2006,2,15,2/15/06,130118400,22.75,-158,1870,23.11835,35.20645,25,24.059,400
,,,,,,,,,,,,,,
HOT,178,2006,2,15,2/15/06,130118400,22.75,-158,2270,23.10565,35.20965,45,24.0665,266
,,,,,,,,,,,,,,
HOT,178,2006,2,15,2/15/06,130118400,22.75,-158,nd,23.10045,35.21175,60,24.0705,nd
,,,,,,,,,,,,,,
HOT,178,2006,2,15,2/15/06,130118400,22.75,-158,3260,23.0548,35.2177,75,24.0885,542
,,,,,,,,,,,,,,
HOT,178,2006,2,15,2/15/06,130118400,22.75,-158,3330,22.9726,35.21425,85,24.1105,445
,,,,,,,,,,,,,,
HOT,178,2006,2,15,2/15/06,130118400,22.75,-158,6700,22.5556,35.21925,100,24.2345,726
,,,,,,,,,,,,,,
HOT,178,2006,2,15,2/15/06,130118400,22.75,-158,2420,21.96965,35.19,115,24.3785,640
,,,,,,,,,,,,,,
HOT,178,2006,2,15,2/15/06,130118400,22.75,-158,913,21.32235,35.11755,125,24.5035,352
,,,,,,,,,,,,,,
HOT,178,2006,2,15,2/15/06,130118400,22.75,-158,0.65,19.29295,34.82595,150,24.821,nd
,,,,,,,,,,,,,,
HOT,178,2006,2,15,2/15/06,130118400,22.75,-158,0.65,17.6696,34.6354,175,25.082,nd
,,,,,,,,,,,,,,
HOT,178,2006,2,15,2/15/06,130118400,22.75,-158,0.65,15.76415,34.4049,200,25.351,nd
,,,,,,,,,,,,,,
HOT,179,2006,3,10,3/10/06,132105600,22.75,-158,624,23.2674,35.09715,5,23.932,94.3
,,,,,,,,,,,,,,
HOT,179,2006,3,10,3/10/06,132105600,22.75,-158,725,23.2695,35.10015,25,23.9345,74.1
,,,,,,,,,,,,,,
HOT,179,2006,3,10,3/10/06,132105600,22.75,-158,761,23.11695,35.13025,45,24.003,91.3
,,,,,,,,,,,,,,
HOT,179,2006,3,10,3/10/06,132105600,22.75,-158,823,22.973,35.15445,60,24.0635,50.3
,,,,,,,,,,,,,,
HOT,179,2006,3,10,3/10/06,132105600,22.75,-158,1130,22.8424,35.17,75,24.1135,200
,,,,,,,,,,,,,,
HOT,179,2006,3,10,3/10/06,132105600,22.75,-158,nd,22.78565,35.18495,85,24.142,nd
,,,,,,,,,,,,,,
HOT,179,2006,3,10,3/10/06,132105600,22.75,-158,948,22.73405,35.21965,100,24.184,68.6
,,,,,,,,,,,,,,
HOT,179,2006,3,10,3/10/06,132105600,22.75,-158,5380,22.6513,35.2423,115,24.226,1570
,,,,,,,,,,,,,,
HOT,179,2006,3,10,3/10/06,132105600,22.75,-158,5270,22.53695,35.25545,125,24.2685,785
,,,,,,,,,,,,,,
HOT,179,2006,3,10,3/10/06,132105600,22.75,-158,823,21.94075,35.2466,150,24.4315,241
,,,,,,,,,,,,,,
HOT,179,2006,3,10,3/10/06,132105600,22.75,-158,306,20.7205,35.11495,175,24.667,57.5
,,,,,,,,,,,,,,
HOT,179,2006,3,10,3/10/06,132105600,22.75,-158,112,19.21345,34.934,200,24.926,28.7
,,,,,,,,,,,,,,
HOT,180,2006,4,2,4/2/06,134092800,22.75,-158,31,23.6137,34.8347,5,23.6315,11.1
,,,,,,,,,,,,,,
HOT,180,2006,4,2,4/2/06,134092800,22.75,-158,28.3,23.4793,34.88605,25,23.7115,7.21
,,,,,,,,,,,,,,
HOT,180,2006,4,2,4/2/06,134092800,22.75,-158,787,23.2829,35.0427,45,23.8885,83.6
,,,,,,,,,,,,,,
HOT,180,2006,4,2,4/2/06,134092800,22.75,-158,2280,23.1966,35.0985,60,23.9565,1100
,,,,,,,,,,,,,,
HOT,180,2006,4,2,4/2/06,134092800,22.75,-158,8010,23.1131,35.1353,75,24.0095,425
,,,,,,,,,,,,,,
HOT,180,2006,4,2,4/2/06,134092800,22.75,-158,10600,23.02545,35.16925,85,24.061,443
,,,,,,,,,,,,,,
HOT,180,2006,4,2,4/2/06,134092800,22.75,-158,6170,22.8678,35.20825,100,24.137,529
,,,,,,,,,,,,,,
HOT,180,2006,4,2,4/2/06,134092800,22.75,-158,4240,22.688,35.23725,115,24.2115,84.7
,,,,,,,,,,,,,,
HOT,180,2006,4,2,4/2/06,134092800,22.75,-158,687,22.5643,35.2549,125,24.2605,103
,,,,,,,,,,,,,,
HOT,180,2006,4,2,4/2/06,134092800,22.75,-158,1240,22.27195,35.2734,150,24.359,306
,,,,,,,,,,,,,,
HOT,180,2006,4,2,4/2/06,134092800,22.75,-158,486,21.8258,35.25675,175,24.4725,62
,,,,,,,,,,,,,,
HOT,180,2006,4,2,4/2/06,134092800,22.75,-158,121,20.92385,35.15175,200,24.642,39.6
,,,,,,,,,,,,,,
HOT,181,2006,5,27,5/27/06,138844800,22.75,-158,0.65,23.77715,35.21855,5,23.8745,nd
,,,,,,,,,,,,,,
HOT,181,2006,5,27,5/27/06,138844800,22.75,-158,40.7,23.4776,35.20715,25,23.9555,10.1
,,,,,,,,,,,,,,
HOT,181,2006,5,27,5/27/06,138844800,22.75,-158,103,23.24255,35.2043,45,24.0225,30.1
,,,,,,,,,,,,,,
HOT,181,2006,5,27,5/27/06,138844800,22.75,-158,2250,22.7994,35.2013,60,24.149,163
,,,,,,,,,,,,,,
HOT,181,2006,5,27,5/27/06,138844800,22.75,-158,3870,22.0396,35.18685,75,24.3545,127
,,,,,,,,,,,,,,
HOT,181,2006,5,27,5/27/06,138844800,22.75,-158,9440,21.64575,35.20215,85,24.4765,1850
,,,,,,,,,,,,,,
HOT,181,2006,5,27,5/27/06,138844800,22.75,-158,6900,21.17,35.22915,100,24.629,727
,,,,,,,,,,,,,,
HOT,181,2006,5,27,5/27/06,138844800,22.75,-158,6060,20.91095,35.2515,115,24.7165,999
,,,,,,,,,,,,,,
HOT,181,2006,5,27,5/27/06,138844800,22.75,-158,1910,20.7024,35.24995,125,24.7725,442
,,,,,,,,,,,,,,
HOT,181,2006,5,27,5/27/06,138844800,22.75,-158,379,19.298,35.01505,150,24.9645,152
,,,,,,,,,,,,,,
HOT,181,2006,5,27,5/27/06,138844800,22.75,-158,86.3,17.56115,34.78015,175,25.219,16.6
,,,,,,,,,,,,,,
HOT,181,2006,5,27,5/27/06,138844800,22.75,-158,8.89,16.1026,34.62485,200,25.4435,1.74
,,,,,,,,,,,,,,
HOT,182,2006,6,14,6/14/06,140400000,22.75,-158,0.65,25.89475,34.84045,5,22.948,nd
,,,,,,,,,,,,,,
HOT,182,2006,6,14,6/14/06,140400000,22.75,-158,0.65,25.7102,34.8856,25,23.0405,nd
,,,,,,,,,,,,,,
HOT,182,2006,6,14,6/14/06,140400000,22.75,-158,0.65,23.84405,35.1818,45,23.8295,nd
,,,,,,,,,,,,,,
HOT,182,2006,6,14,6/14/06,140400000,22.75,-158,121,23.44285,35.2108,60,23.97,24.1
,,,,,,,,,,,,,,
HOT,182,2006,6,14,6/14/06,140400000,22.75,-158,262,23.1722,35.2248,75,24.0605,26.9
,,,,,,,,,,,,,,
HOT,182,2006,6,14,6/14/06,140400000,22.75,-158,153,22.881,35.22585,85,24.1455,46.8
,,,,,,,,,,,,,,
HOT,182,2006,6,14,6/14/06,140400000,22.75,-158,302,22.28315,35.21925,100,24.312,37.1
,,,,,,,,,,,,,,
HOT,182,2006,6,14,6/14/06,140400000,22.75,-158,490,21.6533,35.19545,115,24.4705,50.5
,,,,,,,,,,,,,,
HOT,182,2006,6,14,6/14/06,140400000,22.75,-158,3170,21.18645,35.163,125,24.575,183
,,,,,,,,,,,,,,
HOT,182,2006,6,14,6/14/06,140400000,22.75,-158,3980,19.9047,35.0339,150,24.8215,524
,,,,,,,,,,,,,,
HOT,182,2006,6,14,6/14/06,140400000,22.75,-158,291,18.57975,34.8943,175,25.0555,135
,,,,,,,,,,,,,,
HOT,182,2006,6,14,6/14/06,140400000,22.75,-158,46.3,17.21275,34.76265,200,25.2905,17.7
,,,,,,,,,,,,,,
HOT,183,2006,7,13,7/13/06,142905600,22.75,-158,0.65,25.31635,34.90445,5,23.175,nd
,,,,,,,,,,,,,,
HOT,183,2006,7,13,7/13/06,142905600,22.75,-158,0.65,25.313,34.90485,25,23.1775,nd
,,,,,,,,,,,,,,
HOT,183,2006,7,13,7/13/06,142905600,22.75,-158,8.07,25.2383,34.91035,45,23.2055,0.118
,,,,,,,,,,,,,,
HOT,183,2006,7,13,7/13/06,142905600,22.75,-158,0.65,24.62925,34.97345,60,23.439,nd
,,,,,,,,,,,,,,
HOT,183,2006,7,13,7/13/06,142905600,22.75,-158,55.3,23.6996,35.08205,75,23.7985,19.3
,,,,,,,,,,,,,,
HOT,183,2006,7,13,7/13/06,142905600,22.75,-158,2020,23.33845,35.1056,85,23.9225,247
,,,,,,,,,,,,,,
HOT,183,2006,7,13,7/13/06,142905600,22.75,-158,12000,22.9425,35.15855,100,24.078,727
,,,,,,,,,,,,,,
HOT,183,2006,7,13,7/13/06,142905600,22.75,-158,5230,22.63845,35.18895,115,24.1885,599
,,,,,,,,,,,,,,
HOT,183,2006,7,13,7/13/06,142905600,22.75,-158,3880,22.4092,35.20245,125,24.265,435
,,,,,,,,,,,,,,
HOT,183,2006,7,13,7/13/06,142905600,22.75,-158,445,21.7672,35.21965,150,24.4595,92.3
,,,,,,,,,,,,,,
HOT,183,2006,7,13,7/13/06,142905600,22.75,-158,140,20.9454,35.1674,175,24.6465,13.9
,,,,,,,,,,,,,,
HOT,183,2006,7,13,7/13/06,142905600,22.75,-158,100,19.6652,35.00425,200,24.8635,22.1
,,,,,,,,,,,,,,
HOT,184,2006,8,9,8/9/06,145238400,22.75,-158,0.65,26.3379,34.8849,5,22.843,nd
,,,,,,,,,,,,,,
HOT,184,2006,8,9,8/9/06,145238400,22.75,-158,0.65,26.32845,34.88535,25,22.8475,nd
,,,,,,,,,,,,,,
HOT,184,2006,8,9,8/9/06,145238400,22.75,-158,8.36,25.64395,35.0769,45,23.207,0.534
,,,,,,,,,,,,,,
HOT,184,2006,8,9,8/9/06,145238400,22.75,-158,78.5,24.2796,35.1652,60,23.6885,14.6
,,,,,,,,,,,,,,
HOT,184,2006,8,9,8/9/06,145238400,22.75,-158,1730,23.4493,35.19225,75,23.955,230
,,,,,,,,,,,,,,
HOT,184,2006,8,9,8/9/06,145238400,22.75,-158,4240,23.13615,35.2068,85,24.0575,665
,,,,,,,,,,,,,,
HOT,184,2006,8,9,8/9/06,145238400,22.75,-158,6880,22.655,35.2217,100,24.2085,138
,,,,,,,,,,,,,,
HOT,184,2006,8,9,8/9/06,145238400,22.75,-158,2830,22.2748,35.22525,115,24.3195,356
,,,,,,,,,,,,,,
HOT,184,2006,8,9,8/9/06,145238400,22.75,-158,958,21.94395,35.2199,125,24.409,197
,,,,,,,,,,,,,,
HOT,184,2006,8,9,8/9/06,145238400,22.75,-158,148,20.82855,35.1465,150,24.661,57
,,,,,,,,,,,,,,
HOT,184,2006,8,9,8/9/06,145238400,22.75,-158,76.7,19.609,35.01055,175,24.8815,12.7
,,,,,,,,,,,,,,
HOT,184,2006,8,9,8/9/06,145238400,22.75,-158,12.8,18.15945,34.82255,200,25.1065,1.9
,,,,,,,,,,,,,,
HOT,185,2006,9,16,9/16/06,148521600,22.75,-158,0.65,26.51775,35.16625,5,22.9985,nd
,,,,,,,,,,,,,,
HOT,185,2006,9,16,9/16/06,148521600,22.75,-158,nd,26.4733,35.1724,25,23.0185,nd
,,,,,,,,,,,,,,
HOT,185,2006,9,16,9/16/06,148521600,22.75,-158,0.65,26.36275,35.19315,45,23.0705,nd
,,,,,,,,,,,,,,
HOT,185,2006,9,16,9/16/06,148521600,22.75,-158,nd,25.0901,35.16675,60,23.4455,nd
,,,,,,,,,,,,,,
HOT,185,2006,9,16,9/16/06,148521600,22.75,-158,107,23.6273,35.17375,75,23.889,24.4
,,,,,,,,,,,,,,
HOT,185,2006,9,16,9/16/06,148521600,22.75,-158,1510,23.24545,35.19065,85,24.0135,59.6
,,,,,,,,,,,,,,
HOT,185,2006,9,16,9/16/06,148521600,22.75,-158,14400,22.7856,35.2131,100,24.164,2280
,,,,,,,,,,,,,,
HOT,185,2006,9,16,9/16/06,148521600,22.75,-158,8540,22.4358,35.2367,115,24.2825,1340
,,,,,,,,,,,,,,
HOT,185,2006,9,16,9/16/06,148521600,22.75,-158,3690,22.21725,35.24995,125,24.355,211
,,,,,,,,,,,,,,
HOT,185,2006,9,16,9/16/06,148521600,22.75,-158,137,21.28275,35.2071,150,24.5835,45.4
,,,,,,,,,,,,,,
HOT,185,2006,9,16,9/16/06,148521600,22.75,-158,49.4,20.12145,35.08565,175,24.805,9
,,,,,,,,,,,,,,
HOT,185,2006,9,16,9/16/06,148521600,22.75,-158,0.65,18.6243,34.9067,200,25.055,nd
,,,,,,,,,,,,,,
HOT,186,2006,10,20,10/20/06,151459200,22.75,-158,0.65,26.246,35.1355,5,23.061,nd
,,,,,,,,,,,,,,
HOT,186,2006,10,20,10/20/06,151459200,22.75,-158,0.65,26.19465,35.13875,25,23.081,nd
,,,,,,,,,,,,,,
HOT,186,2006,10,20,10/20/06,151459200,22.75,-158,0.65,25.94845,35.16065,45,23.176,nd
,,,,,,,,,,,,,,
HOT,186,2006,10,20,10/20/06,151459200,22.75,-158,0.65,24.94805,35.15755,60,23.4815,nd
,,,,,,,,,,,,,,
HOT,186,2006,10,20,10/20/06,151459200,22.75,-158,9.49,23.3614,35.18485,75,23.975,4.09
,,,,,,,,,,,,,,
HOT,186,2006,10,20,10/20/06,151459200,22.75,-158,321,22.882,35.2263,85,24.146,58.9
,,,,,,,,,,,,,,
HOT,186,2006,10,20,10/20/06,151459200,22.75,-158,7370,22.38485,35.27155,100,24.323,2870
,,,,,,,,,,,,,,
HOT,186,2006,10,20,10/20/06,151459200,22.75,-158,4280,22.07045,35.2955,115,24.43,1100
,,,,,,,,,,,,,,
HOT,186,2006,10,20,10/20/06,151459200,22.75,-158,2450,21.8922,35.3062,125,24.489,240
,,,,,,,,,,,,,,
HOT,186,2006,10,20,10/20/06,151459200,22.75,-158,295,21.5903,35.31885,150,24.584,96.4
,,,,,,,,,,,,,,
HOT,186,2006,10,20,10/20/06,151459200,22.75,-158,50.5,21.3541,35.3243,175,24.6545,13.8
,,,,,,,,,,,,,,
HOT,186,2006,10,20,10/20/06,151459200,22.75,-158,0.65,21.04955,35.30035,200,24.721,nd
,,,,,,,,,,,,,,
HOT,187,2006,11,9,11/9/06,153187200,22.75,-158,9.36,25.9526,35.09295,5,23.1205,2.73
,,,,,,,,,,,,,,
HOT,187,2006,11,9,11/9/06,153187200,22.75,-158,0.65,25.94275,35.09955,25,23.13,nd
,,,,,,,,,,,,,,
HOT,187,2006,11,9,11/9/06,153187200,22.75,-158,16.6,25.8898,35.13305,45,23.173,2.63
,,,,,,,,,,,,,,
HOT,187,2006,11,9,11/9/06,153187200,22.75,-158,34.7,25.668,35.14775,60,23.254,16.3
,,,,,,,,,,,,,,
HOT,187,2006,11,9,11/9/06,153187200,22.75,-158,1800,24.69175,35.13035,75,23.54,681
,,,,,,,,,,,,,,
HOT,187,2006,11,9,11/9/06,153187200,22.75,-158,9810,23.9264,35.1574,85,23.7895,854
,,,,,,,,,,,,,,
HOT,187,2006,11,9,11/9/06,153187200,22.75,-158,8100,23.04025,35.1949,100,24.0775,1670
,,,,,,,,,,,,,,
HOT,187,2006,11,9,11/9/06,153187200,22.75,-158,2230,22.5371,35.23105,115,24.25,409
,,,,,,,,,,,,,,
HOT,187,2006,11,9,11/9/06,153187200,22.75,-158,1020,22.23825,35.2534,125,24.352,224
,,,,,,,,,,,,,,
HOT,187,2006,11,9,11/9/06,153187200,22.75,-158,34.4,21.5682,35.27105,150,24.5535,11.9
,,,,,,,,,,,,,,
HOT,187,2006,11,9,11/9/06,153187200,22.75,-158,nd,20.7682,35.2034,175,24.722,nd
,,,,,,,,,,,,,,
HOT,187,2006,11,9,11/9/06,153187200,22.75,-158,nd,19.56515,35.048,200,24.923,nd
,,,,,,,,,,,,,,
HOT,188,2006,12,10,12/10/06,155865600,22.75,-158,917,24.89145,35.2388,5,23.5565,24.8
,,,,,,,,,,,,,,
HOT,188,2006,12,10,12/10/06,155865600,22.75,-158,819,24.895,35.23975,25,23.558,40.4
,,,,,,,,,,,,,,
HOT,188,2006,12,10,12/10/06,155865600,22.75,-158,698,24.89795,35.23975,45,23.558,91.5
,,,,,,,,,,,,,,
HOT,188,2006,12,10,12/10/06,155865600,22.75,-158,765,24.90025,35.24125,60,23.5595,96.1
,,,,,,,,,,,,,,
HOT,188,2006,12,10,12/10/06,155865600,22.75,-158,4590,24.90095,35.2446,75,23.5625,664
,,,,,,,,,,,,,,
HOT,188,2006,12,10,12/10/06,155865600,22.75,-158,22400,24.7286,35.24495,85,23.6155,1930
,,,,,,,,,,,,,,
HOT,188,2006,12,10,12/10/06,155865600,22.75,-158,25300,22.8401,35.1908,100,24.132,5980
,,,,,,,,,,,,,,
HOT,188,2006,12,10,12/10/06,155865600,22.75,-158,8940,21.9155,35.164,115,24.3735,96.9
,,,,,,,,,,,,,,
HOT,188,2006,12,10,12/10/06,155865600,22.75,-158,3090,21.31965,35.14855,125,24.5275,273
,,,,,,,,,,,,,,
HOT,188,2006,12,10,12/10/06,155865600,22.75,-158,263,19.98395,35.0498,150,24.8125,9.85
,,,,,,,,,,,,,,
HOT,188,2006,12,10,12/10/06,155865600,22.75,-158,45.1,18.6145,34.9055,175,25.0555,0.516
,,,,,,,,,,,,,,
HOT,188,2006,12,10,12/10/06,155865600,22.75,-158,0.65,17.26015,34.7481,200,25.2675,nd
,,,,,,,,,,,,,,
HOT,189,2007,2,8,2/8/07,161049600,22.75,-158,319,23.809,35.1863,5,23.846,20.3
,,,,,,,,,,,,,,
HOT,189,2007,2,8,2/8/07,161049600,22.75,-158,456,23.7555,35.1995,25,23.881,88
,,,,,,,,,,,,,,
HOT,189,2007,2,8,2/8/07,161049600,22.75,-158,355,23.7643,35.1912,45,23.869,103
,,,,,,,,,,,,,,
HOT,189,2007,2,8,2/8/07,161049600,22.75,-158,351,23.7963,nd,60,nd,109
,,,,,,,,,,,,,,
HOT,189,2007,2,8,2/8/07,161049600,22.75,-158,387,23.7022,35.1934,75,23.887,36.8
,,,,,,,,,,,,,,
HOT,189,2007,2,8,2/8/07,161049600,22.75,-158,439,23.7738,nd,85,nd,89.7
,,,,,,,,,,,,,,
HOT,189,2007,2,8,2/8/07,161049600,22.75,-158,1030,22.9965,35.1942,100,24.084,277
,,,,,,,,,,,,,,
HOT,189,2007,2,8,2/8/07,161049600,22.75,-158,nd,22.9242,nd,115,nd,nd
,,,,,,,,,,,,,,
HOT,189,2007,2,8,2/8/07,161049600,22.75,-158,2110,22.0683,35.1811,125,24.341,146
,,,,,,,,,,,,,,
HOT,189,2007,2,8,2/8/07,161049600,22.75,-158,102,21.0091,35.1463,150,24.614,44.3
,,,,,,,,,,,,,,
HOT,189,2007,2,8,2/8/07,161049600,22.75,-158,17.4,19.8501,35.0506,175,24.841,3.94
,,,,,,,,,,,,,,
HOT,189,2007,2,8,2/8/07,161049600,22.75,-158,nd,17.953,nd,200,nd,nd
,,,,,,,,,,,,,,
HOT,190,2007,3,22,3/22/07,164678400,22.75,-158,86.5,23.4562,35.147,5,23.919,37.3
,,,,,,,,,,,,,,
HOT,190,2007,3,22,3/22/07,164678400,22.75,-158,379,23.402,35.1608,25,23.945,51.9
,,,,,,,,,,,,,,
HOT,190,2007,3,22,3/22/07,164678400,22.75,-158,1300,23.2276,35.1749,45,24.009,141
,,,,,,,,,,,,,,
HOT,190,2007,3,22,3/22/07,164678400,22.75,-158,3490,23.1746,nd,60,nd,224
,,,,,,,,,,,,,,
HOT,190,2007,3,22,3/22/07,164678400,22.75,-158,7550,22.8721,35.227,75,24.15,591
,,,,,,,,,,,,,,
HOT,190,2007,3,22,3/22/07,164678400,22.75,-158,16900,22.6791,nd,85,nd,2230
,,,,,,,,,,,,,,
HOT,190,2007,3,22,3/22/07,164678400,22.75,-158,12900,22.1968,35.2229,100,24.338,2030
,,,,,,,,,,,,,,
HOT,190,2007,3,22,3/22/07,164678400,22.75,-158,1590,21.7891,nd,115,nd,139
,,,,,,,,,,,,,,
HOT,190,2007,3,22,3/22/07,164678400,22.75,-158,nd,21.4461,35.2154,125,24.54,nd
,,,,,,,,,,,,,,
HOT,190,2007,3,22,3/22/07,164678400,22.75,-158,nd,20.6821,35.1507,150,24.701,nd
,,,,,,,,,,,,,,
HOT,190,2007,3,22,3/22/07,164678400,22.75,-158,142,19.7446,35.0234,175,24.856,27.1
,,,,,,,,,,,,,,
HOT,190,2007,3,22,3/22/07,164678400,22.75,-158,32.1,17.3554,nd,200,nd,13.7
,,,,,,,,,,,,,,
HOT,191,2007,5,6,5/6/07,168566400,22.75,-158,42.7,24.6593,34.8719,5,23.343,19
,,,,,,,,,,,,,,
HOT,191,2007,5,6,5/6/07,168566400,22.75,-158,64.4,24.6013,34.8706,25,23.353,18.7
,,,,,,,,,,,,,,
HOT,191,2007,5,6,5/6/07,168566400,22.75,-158,69.5,24.584,34.8712,45,23.376,32.4
,,,,,,,,,,,,,,
HOT,191,2007,5,6,5/6/07,168566400,22.75,-158,nd,24.1539,nd,60,nd,nd
,,,,,,,,,,,,,,
HOT,191,2007,5,6,5/6/07,168566400,22.75,-158,396,23.8517,35.008,75,23.718,44.8
,,,,,,,,,,,,,,
HOT,191,2007,5,6,5/6/07,168566400,22.75,-158,107,23.542,nd,85,nd,32.1
,,,,,,,,,,,,,,
HOT,191,2007,5,6,5/6/07,168566400,22.75,-158,291,23.2899,35.1428,100,23.981,54.7
,,,,,,,,,,,,,,
HOT,191,2007,5,6,5/6/07,168566400,22.75,-158,848,23.0179,nd,115,nd,262
,,,,,,,,,,,,,,
HOT,191,2007,5,6,5/6/07,168566400,22.75,-158,3560,22.5299,35.2086,125,24.217,179
,,,,,,,,,,,,,,
HOT,191,2007,5,6,5/6/07,168566400,22.75,-158,11300,21.9184,35.1841,150,24.39,1900
,,,,,,,,,,,,,,
HOT,191,2007,5,6,5/6/07,168566400,22.75,-158,83.1,20.7977,35.1365,175,24.658,18.7
,,,,,,,,,,,,,,
HOT,191,2007,5,6,5/6/07,168566400,22.75,-158,819,19.4183,nd,200,nd,88.6
,,,,,,,,,,,,,,
HOT,192,nd,nd,nd,nd,nd,22.75,-158,nd,25.539,34.9691,5,23.122,nd
,,,,,,,,,,,,,,
HOT,192,nd,nd,nd,nd,nd,22.75,-158,nd,25.4667,35.0114,25,23.141,nd
,,,,,,,,,,,,,,
HOT,192,nd,nd,nd,nd,nd,22.75,-158,nd,24.8471,35.0948,45,23.385,nd
,,,,,,,,,,,,,,
HOT,192,nd,nd,nd,nd,nd,22.75,-158,nd,24.5481,nd,60,nd,nd
,,,,,,,,,,,,,,
HOT,192,nd,nd,nd,nd,nd,22.75,-158,nd,23.8064,35.0893,75,23.741,nd
,,,,,,,,,,,,,,
HOT,192,nd,nd,nd,nd,nd,22.75,-158,nd,nd,nd,85,nd,nd
,,,,,,,,,,,,,,
HOT,192,nd,nd,nd,nd,nd,22.75,-158,nd,23.2271,35.1526,100,23.984,nd
,,,,,,,,,,,,,,
HOT,192,nd,nd,nd,nd,nd,22.75,-158,nd,nd,nd,115,nd,nd
,,,,,,,,,,,,,,
HOT,192,nd,nd,nd,nd,nd,22.75,-158,nd,22.6644,35.1937,125,24.184,nd
,,,,,,,,,,,,,,
HOT,192,nd,nd,nd,nd,nd,22.75,-158,nd,22.0291,35.2125,150,24.379,nd
,,,,,,,,,,,,,,
HOT,192,nd,nd,nd,nd,nd,22.75,-158,nd,21.3379,35.2016,175,24.566,nd
,,,,,,,,,,,,,,
HOT,192,nd,nd,nd,nd,nd,22.75,-158,nd,19.9883,nd,200,nd,nd
,,,,,,,,,,,,,,
HOT,193,2007,7,9,7/9/07,174096000,22.75,-158,71.6,25.6587,35.0656,5,23.189,9.9
,,,,,,,,,,,,,,
HOT,193,2007,7,9,7/9/07,174096000,22.75,-158,nd,25.6486,35.0644,25,23.19,nd
,,,,,,,,,,,,,,
HOT,193,2007,7,9,7/9/07,174096000,22.75,-158,15.4,25.5257,35.0849,45,23.244,2.22
,,,,,,,,,,,,,,
HOT,193,2007,7,9,7/9/07,174096000,22.75,-158,0.65,24.9351,nd,60,nd,nd
,,,,,,,,,,,,,,
HOT,193,2007,7,9,7/9/07,174096000,22.75,-158,0.65,23.7757,35.1814,75,23.85,nd
,,,,,,,,,,,,,,
HOT,193,2007,7,9,7/9/07,174096000,22.75,-158,56,23.5138,nd,85,nd,2.57
,,,,,,,,,,,,,,
HOT,193,2007,7,9,7/9/07,174096000,22.75,-158,969,22.8651,35.1978,100,24.129,144
,,,,,,,,,,,,,,
HOT,193,2007,7,9,7/9/07,174096000,22.75,-158,16800,22.6062,nd,115,nd,4700
,,,,,,,,,,,,,,
HOT,193,2007,7,9,7/9/07,174096000,22.75,-158,15300,22.0586,35.1958,125,24.357,2690
,,,,,,,,,,,,,,
HOT,193,2007,7,9,7/9/07,174096000,22.75,-158,4470,21.1918,35.1515,150,24.567,931
,,,,,,,,,,,,,,
HOT,193,2007,7,9,7/9/07,174096000,22.75,-158,466,20.0654,35.0615,175,24.806,75.8
,,,,,,,,,,,,,,
HOT,193,2007,7,9,7/9/07,174096000,22.75,-158,243,18.4812,nd,200,nd,62.3
,,,,,,,,,,,,,,
HOT,194,2007,8,5,8/5/07,176428800,22.75,-158,0.65,26.4102,35.0233,5,22.926,nd
,,,,,,,,,,,,,,
HOT,194,2007,8,5,8/5/07,176428800,22.75,-158,0.65,26.3977,35.0244,25,22.932,nd
,,,,,,,,,,,,,,
HOT,194,2007,8,5,8/5/07,176428800,22.75,-158,nd,26.0456,35.0233,45,23.046,nd
,,,,,,,,,,,,,,
HOT,194,2007,8,5,8/5/07,176428800,22.75,-158,nd,25.8878,nd,60,nd,nd
,,,,,,,,,,,,,,
HOT,194,2007,8,5,8/5/07,176428800,22.75,-158,nd,25.3704,35.0018,75,23.223,nd
,,,,,,,,,,,,,,
HOT,194,2007,8,5,8/5/07,176428800,22.75,-158,0.65,25.0843,nd,85,nd,nd
,,,,,,,,,,,,,,
HOT,194,2007,8,5,8/5/07,176428800,22.75,-158,587,24.001,34.9853,100,23.627,82.7
,,,,,,,,,,,,,,
HOT,194,2007,8,5,8/5/07,176428800,22.75,-158,7160,22.9432,nd,115,nd,1600
,,,,,,,,,,,,,,
HOT,194,2007,8,5,8/5/07,176428800,22.75,-158,8080,22.0276,34.9802,125,24.202,267
,,,,,,,,,,,,,,
HOT,194,2007,8,5,8/5/07,176428800,22.75,-158,771,20.1271,34.8536,150,24.623,177
,,,,,,,,,,,,,,
HOT,194,2007,8,5,8/5/07,176428800,22.75,-158,131,18.5201,34.7141,175,24.939,33.4
,,,,,,,,,,,,,,
HOT,194,2007,8,5,8/5/07,176428800,22.75,-158,0.65,16.5031,nd,200,nd,nd
,,,,,,,,,,,,,,
HOT,195,2007,9,4,9/4/07,179020800,22.75,-158,nd,26.5414,35.1109,5,22.943,nd
,,,,,,,,,,,,,,
HOT,195,2007,9,4,9/4/07,179020800,22.75,-158,0.65,26.5381,35.1332,25,22.99,nd
,,,,,,,,,,,,,,
HOT,195,2007,9,4,9/4/07,179020800,22.75,-158,0.65,26.3909,35.1697,45,23.054,nd
,,,,,,,,,,,,,,
HOT,195,2007,9,4,9/4/07,179020800,22.75,-158,nd,25.4212,nd,60,nd,nd
,,,,,,,,,,,,,,
HOT,195,2007,9,4,9/4/07,179020800,22.75,-158,119,24.1313,35.1841,75,23.755,35.2
,,,,,,,,,,,,,,
HOT,195,2007,9,4,9/4/07,179020800,22.75,-158,4440,23.7607,nd,85,nd,790
,,,,,,,,,,,,,,
HOT,195,2007,9,4,9/4/07,179020800,22.75,-158,13500,22.7484,35.185,100,24.146,2120
,,,,,,,,,,,,,,
HOT,195,2007,9,4,9/4/07,179020800,22.75,-158,1960,22.3904,nd,115,nd,794
,,,,,,,,,,,,,,
HOT,195,2007,9,4,9/4/07,179020800,22.75,-158,597,21.4979,35.1501,125,24.474,87.9
,,,,,,,,,,,,,,
HOT,195,2007,9,4,9/4/07,179020800,22.75,-158,788,20.5593,35.0827,150,24.691,238
,,,,,,,,,,,,,,
HOT,195,2007,9,4,9/4/07,179020800,22.75,-158,164,19.3686,34.977,175,24.923,60.6
,,,,,,,,,,,,,,
HOT,195,2007,9,4,9/4/07,179020800,22.75,-158,111,17.7621,nd,200,nd,22.3
,,,,,,,,,,,,,,
HOT,196,2007,10,4,10/4/07,181612800,22.75,-158,0.65,26.0884,35.0838,5,23.069,nd
,,,,,,,,,,,,,,
HOT,196,2007,10,4,10/4/07,181612800,22.75,-158,0.65,26.0926,35.0836,25,23.068,nd
,,,,,,,,,,,,,,
HOT,196,2007,10,4,10/4/07,181612800,22.75,-158,nd,26.0917,35.0831,45,23.069,nd
,,,,,,,,,,,,,,
HOT,196,2007,10,4,10/4/07,181612800,22.75,-158,0.65,26.0888,nd,60,nd,nd
,,,,,,,,,,,,,,
HOT,196,2007,10,4,10/4/07,181612800,22.75,-158,13.5,25.9115,35.1101,75,23.144,5.75
,,,,,,,,,,,,,,
HOT,196,2007,10,4,10/4/07,181612800,22.75,-158,190,25.1125,nd,85,nd,34.4
,,,,,,,,,,,,,,
HOT,196,2007,10,4,10/4/07,181612800,22.75,-158,2460,23.9761,35.1189,100,23.741,255
,,,,,,,,,,,,,,
HOT,196,2007,10,4,10/4/07,181612800,22.75,-158,4490,23.0877,nd,115,nd,758
,,,,,,,,,,,,,,
HOT,196,2007,10,4,10/4/07,181612800,22.75,-158,6000,22.6592,35.1793,125,24.173,1010
,,,,,,,,,,,,,,
HOT,196,2007,10,4,10/4/07,181612800,22.75,-158,2240,21.4863,35.1706,150,24.496,360
,,,,,,,,,,,,,,
HOT,196,2007,10,4,10/4/07,181612800,22.75,-158,735,20.1409,35.0727,175,24.787,188
,,,,,,,,,,,,,,
HOT,196,2007,10,4,10/4/07,181612800,22.75,-158,95.3,18.54,nd,200,nd,24.1
,,,,,,,,,,,,,,
HOT,197,2007,12,3,12/3/07,186796800,22.75,-158,54.6,25.0918,35.0199,5,23.333,22.8
,,,,,,,,,,,,,,
HOT,197,2007,12,3,12/3/07,186796800,22.75,-158,45.5,25.0832,35.0528,25,23.355,17.7
,,,,,,,,,,,,,,
HOT,197,2007,12,3,12/3/07,186796800,22.75,-158,0.65,25.0678,35.0729,45,23.382,nd
,,,,,,,,,,,,,,
HOT,197,2007,12,3,12/3/07,186796800,22.75,-158,23.5,25.0626,nd,60,nd,7.33
,,,,,,,,,,,,,,
HOT,197,2007,12,3,12/3/07,186796800,22.75,-158,198,24.8443,35.0997,75,23.459,60.6
,,,,,,,,,,,,,,
HOT,197,2007,12,3,12/3/07,186796800,22.75,-158,781,23.7914,nd,85,nd,142
,,,,,,,,,,,,,,
HOT,197,2007,12,3,12/3/07,186796800,22.75,-158,6750,22.6582,35.0268,100,24.07,586
,,,,,,,,,,,,,,
HOT,197,2007,12,3,12/3/07,186796800,22.75,-158,4700,21.9432,nd,115,nd,1690
,,,,,,,,,,,,,,
HOT,197,2007,12,3,12/3/07,186796800,22.75,-158,2540,21.091,35.0008,125,24.477,784
,,,,,,,,,,,,,,
HOT,197,2007,12,3,12/3/07,186796800,22.75,-158,189,20.0054,34.9918,150,24.766,18.1
,,,,,,,,,,,,,,
HOT,197,2007,12,3,12/3/07,186796800,22.75,-158,10.9,18.8159,34.8489,175,24.966,2.51
,,,,,,,,,,,,,,
HOT,197,2007,12,3,12/3/07,186796800,22.75,-158,0.65,16.8493,nd,200,nd,nd
,,,,,,,,,,,,,,
HOT,198,2007,12,22,12/22/07,188438400,22.75,-158,436,24.5027,35.0132,5,23.506,83.5
,,,,,,,,,,,,,,
HOT,198,2007,12,22,12/22/07,188438400,22.75,-158,437,24.5005,35.0137,25,23.523,69.3
,,,,,,,,,,,,,,
HOT,198,2007,12,22,12/22/07,188438400,22.75,-158,509,24.4987,35.0228,45,23.518,29.5
,,,,,,,,,,,,,,
HOT,198,2007,12,22,12/22/07,188438400,22.75,-158,889,24.4672,nd,60,nd,102
,,,,,,,,,,,,,,
HOT,198,2007,12,22,12/22/07,188438400,22.75,-158,1240,24.4731,35.0396,75,23.534,201
,,,,,,,,,,,,,,
HOT,198,2007,12,22,12/22/07,188438400,22.75,-158,1890,24.4442,nd,85,nd,398
,,,,,,,,,,,,,,
HOT,198,2007,12,22,12/22/07,188438400,22.75,-158,1800,24.3287,35.0687,100,23.601,273
,,,,,,,,,,,,,,
HOT,198,2007,12,22,12/22/07,188438400,22.75,-158,4180,23.6244,nd,115,nd,1140
,,,,,,,,,,,,,,
HOT,198,2007,12,22,12/22/07,188438400,22.75,-158,4850,22.8926,35.1005,125,24.051,232
,,,,,,,,,,,,,,
HOT,198,2007,12,22,12/22/07,188438400,22.75,-158,795,21.632,35.1198,150,24.416,139
,,,,,,,,,,,,,,
HOT,198,2007,12,22,12/22/07,188438400,22.75,-158,257,20.6273,35.0962,175,24.674,19.1
,,,,,,,,,,,,,,
HOT,198,2007,12,22,12/22/07,188438400,22.75,-158,19.8,19.5382,nd,200,nd,5.27
,,,,,,,,,,,,,,
HOT,199,2008,1,31,1/31/08,191894400,22.75,-158,524,nd,nd,5,nd,185
,,,,,,,,,,,,,,
HOT,199,2008,1,31,1/31/08,191894400,22.75,-158,428,nd,nd,25,nd,129
,,,,,,,,,,,,,,
HOT,199,2008,1,31,1/31/08,191894400,22.75,-158,555,nd,nd,45,nd,84.9
,,,,,,,,,,,,,,
HOT,199,2008,1,31,1/31/08,191894400,22.75,-158,509,nd,nd,60,nd,192
,,,,,,,,,,,,,,
HOT,199,2008,1,31,1/31/08,191894400,22.75,-158,716,nd,nd,75,nd,119
,,,,,,,,,,,,,,
HOT,199,2008,1,31,1/31/08,191894400,22.75,-158,458,nd,nd,85,nd,109
,,,,,,,,,,,,,,
HOT,199,2008,1,31,1/31/08,191894400,22.75,-158,792,nd,nd,100,nd,138
,,,,,,,,,,,,,,
HOT,199,2008,1,31,1/31/08,191894400,22.75,-158,669,nd,nd,115,nd,224
,,,,,,,,,,,,,,
HOT,199,2008,1,31,1/31/08,191894400,22.75,-158,2450,nd,nd,125,nd,673
,,,,,,,,,,,,,,
HOT,199,2008,1,31,1/31/08,191894400,22.75,-158,825,nd,nd,150,nd,94.8
,,,,,,,,,,,,,,
HOT,199,2008,1,31,1/31/08,191894400,22.75,-158,63.1,nd,nd,175,nd,7.35
,,,,,,,,,,,,,,
HOT,199,2008,1,31,1/31/08,191894400,22.75,-158,0.65,nd,nd,200,nd,nd
