10030001,1991.197232,31.755,64.168,,,,4,,,,3.9722,20.348,5.0401,36.738,237.94,0.435,-9.99,,,-9.99
10030001,1991.197232,31.755,64.168,,,,6,,,,5.9582,20.367,5.0422,36.738,238.17,0.433,-9.99,,,-9.99
10030001,1991.197232,31.755,64.168,,,,8,,,,7.9443,20.369,5.0425,36.738,238.25,0.433,-9.99,,,-9.99
10030001,1991.197232,31.755,64.168,,,10,,,,9.9303,20.363,5.0421,36.739,238.26,0.434,-9.99,,,-9.99,
10030001,1991.197232,31.755,64.168,,,12,,,11.9163,20.355,5.0413,36.739,238.22,0.433,-9.99,,,-9.99,,
10030001,1991.197232,31.755,64.168,,,14,,,13.9023,20.35,5.0409,36.739,238.29,0.434,-9.99,,,-9.99,,
10030001,1991.197232,31.755,64.168,,,16,,,15.8882,20.351,5.0411,36.739,238.24,0.432,-9.99,,,-9.99,,
10030001,1991.197232,31.755,64.168,,,18,,,17.8742,20.357,5.0418,36.739,238.09,0.433,-9.99,,,-9.99,,
10030001,1991.197232,31.755,64.168,,,20,,,19.8601,20.357,5.0418,36.738,238.02,0.432,-9.99,,,-9.99,,
10030001,1991.197232,31.755,64.168,,,22,,,21.846,20.357,5.0419,36.738,238,0.433,-9.99,,,-9.99,,
10030001,1991.197232,31.755,64.168,,,24,,,23.8319,20.368,5.0431,36.738,237.92,0.434,-9.99,,,-9.99,,
10030001,1991.197232,31.755,64.168,,,26,,,25.8178,20.368,5.0432,36.738,237.87,0.431,-9.99,,,-9.99,,
10030001,1991.197232,31.755,64.168,,,28,,,27.8036,20.371,5.0436,36.738,237.87,0.436,-9.99,,,-9.99,,
10030001,1991.197232,31.755,64.168,,,30,,,29.7895,20.368,5.0434,36.738,237.78,0.434,-9.99,,,-9.99,,
10030001,1991.197232,31.755,64.168,,,32,,,31.7753,20.369,5.0436,36.738,237.57,0.433,-9.99,,,-9.99,,
10030001,1991.197232,31.755,64.168,,,34,,,33.7611,20.369,5.0437,36.738,237.36,0.433,-9.99,,,-9.99,,
10030001,1991.197232,31.755,64.168,,,36,,,35.7468,20.369,5.0438,36.738,237.36,0.433,-9.99,,,-9.99,,
10030001,1991.197232,31.755,64.168,,,38,,,37.7326,20.371,5.0441,36.738,237.38,0.433,-9.99,,,-9.99,,
10030001,1991.197232,31.755,64.168,,,40,,,39.7183,20.372,5.0443,36.738,237.4,0.432,-9.99,,,-9.99,,
10030001,1991.197232,31.755,64.168,,,42,,,41.704,20.37,5.0442,36.738,237.42,0.433,-9.99,,,-9.99,,
10030001,1991.197232,31.755,64.168,,,44,,,43.6897,20.37,5.0443,36.738,237.54,0.434,-9.99,,,-9.99,,
10030001,1991.197232,31.755,64.168,,,46,,,45.6754,20.371,5.0444,36.738,237.53,0.434,-9.99,,,-9.99,,
10030001,1991.197232,31.755,64.168,,,48,,,47.661,20.371,5.0444,36.737,237.53,0.433,-9.99,,,-9.99,,
10030001,1991.197232,31.755,64.168,,,50,,,49.6467,20.371,5.0445,36.737,237.53,0.432,-9.99,,,-9.99,,
10030001,1991.197232,31.755,64.168,,,52,,,51.6323,20.372,5.0448,36.738,237.55,0.432,-9.99,,,-9.99,,
10030001,1991.197232,31.755,64.168,,,54,,,53.6179,20.37,5.0446,36.737,237.48,0.431,-9.99,,,-9.99,,
10030001,1991.197232,31.755,64.168,,,56,,,55.6035,20.371,5.0448,36.737,237.35,0.432,-9.99,,,-9.99,,
10030001,1991.197232,31.755,64.168,,,58,,,57.589,20.376,5.0454,36.737,237.22,0.433,-9.99,,,-9.99,,
10030001,1991.197232,31.755,64.168,,,60,,,59.5746,20.375,5.0454,36.737,237.28,0.432,-9.99,,,-9.99,,
10030001,1991.197232,31.755,64.168,,,62,,,61.5601,20.376,5.0456,36.737,237.27,0.432,-9.99,,,-9.99,,
10030001,1991.197232,31.755,64.168,,,64,,,63.5456,20.372,5.0452,36.737,237.29,0.43,-9.99,,,-9.99,,
10030001,1991.197232,31.755,64.168,,,66,,,65.5311,20.372,5.0452,36.736,237.3,0.43,-9.99,,,-9.99,,
10030001,1991.197232,31.755,64.168,,,68,,,67.5165,20.37,5.045,36.735,237.25,0.432,-9.99,,,-9.99,,
10030001,1991.197232,31.755,64.168,,,70,,,69.502,20.37,5.0451,36.735,237.16,0.429,-9.99,,,-9.99,,
10030001,1991.197232,31.755,64.168,,,72,,,71.4874,20.37,5.045,36.734,236.97,0.431,-9.99,,,-9.99,,
10030001,1991.197232,31.755,64.168,,,74,,,73.4728,20.367,5.0448,36.734,236.64,0.429,-9.99,,,-9.99,,
10030001,1991.197232,31.755,64.168,,,76,,,75.4582,20.366,5.0447,36.733,236.44,0.428,-9.99,,,-9.99,,
10030001,1991.197232,31.755,64.168,,,78,,,77.4436,20.365,5.0446,36.733,236.35,0.429,-9.99,,,-9.99,,
10030001,1991.197232,31.755,64.168,,,80,,,79.4289,20.365,5.0446,36.732,236.21,0.428,-9.99,,,-9.99,,
10030001,1991.197232,31.755,64.168,,,82,,,81.4142,20.362,5.0444,36.732,236.04,0.428,-9.99,,,-9.99,,
10030001,1991.197232,31.755,64.168,,,84,,,83.3996,20.354,5.0435,36.731,235.73,0.427,-9.99,,,-9.99,,
10030001,1991.197232,31.755,64.168,,,86,,,85.3848,20.354,5.0435,36.73,235.53,0.426,-9.99,,,-9.99,,
10030001,1991.197232,31.755,64.168,,,88,,,87.3701,20.353,5.0435,36.73,235.43,0.426,-9.99,,,-9.99,,
10030001,1991.197232,31.755,64.168,,,90,,,89.3554,20.352,5.0434,36.73,235.12,0.425,-9.99,,,-9.99,,
10030001,1991.197232,31.755,64.168,,,92,,,91.3406,20.356,5.0441,36.731,234.94,0.426,-9.99,,,-9.99,,
10030001,1991.197232,31.755,64.168,,,94,,,93.3258,20.355,5.0439,36.73,234.85,0.426,-9.99,,,-9.99,,
10030001,1991.197232,31.755,64.168,,,96,,,95.311,20.346,5.0428,36.728,234.89,0.424,-9.99,,,-9.99,,
10030001,1991.197232,31.755,64.168,,,98,,,97.2962,20.342,5.0425,36.728,234.94,0.423,-9.99,,,-9.99,,
10030001,1991.197232,31.755,64.168,,100,,,99.2813,20.342,5.0425,36.727,235.04,0.423,-9.99,,,-9.99,,,
10030001,1991.197232,31.755,64.168,,102,,101.2665,20.332,5.0412,36.725,235.01,0.423,-9.99,,,-9.99,,,,
10030001,1991.197232,31.755,64.168,,104,,103.2516,20.328,5.0408,36.724,234.93,0.422,-9.99,,,-9.99,,,,
10030001,1991.197232,31.755,64.168,,106,,105.2367,20.321,5.0401,36.724,234.81,0.422,-9.99,,,-9.99,,,,
10030001,1991.197232,31.755,64.168,,108,,107.2218,20.317,5.0396,36.722,234.72,0.422,-9.99,,,-9.99,,,,
10030001,1991.197232,31.755,64.168,,110,,109.2068,20.309,5.0387,36.721,234.64,0.423,-9.99,,,-9.99,,,,
10030001,1991.197232,31.755,64.168,,112,,111.1919,20.297,5.0374,36.72,234.5,0.421,-9.99,,,-9.99,,,,
10030001,1991.197232,31.755,64.168,,114,,113.1769,20.292,5.0367,36.718,234.42,0.42,-9.99,,,-9.99,,,,
10030001,1991.197232,31.755,64.168,,116,,115.1619,20.29,5.0364,36.717,234.46,0.42,-9.99,,,-9.99,,,,
10030001,1991.197232,31.755,64.168,,118,,117.1469,20.286,5.0361,36.717,234.37,0.42,-9.99,,,-9.99,,,,
10030001,1991.197232,31.755,64.168,,120,,119.1318,20.277,5.035,36.715,234.24,0.419,-9.99,,,-9.99,,,,
10030001,1991.197232,31.755,64.168,,122,,121.1168,20.264,5.0335,36.713,234.05,0.419,-9.99,,,-9.99,,,,
10030001,1991.197232,31.755,64.168,,124,,123.1017,20.246,5.0314,36.711,233.8,0.414,-9.99,,,-9.99,,,,
10030001,1991.197232,31.755,64.168,,126,,125.0866,20.126,5.0178,36.703,233.46,0.411,-9.99,,,-9.99,,,,
10030001,1991.197232,31.755,64.168,,128,,127.0715,19.751,4.9741,36.669,232.87,0.399,-9.99,,,-9.99,,,,
10030001,1991.197232,31.755,64.168,,130,,129.0563,19.608,4.9563,36.646,231.77,0.395,-9.99,,,-9.99,,,,
10030001,1991.197232,31.755,64.168,,132,,131.0412,19.54,4.9477,36.633,230.45,0.394,-9.99,,,-9.99,,,,
10030001,1991.197232,31.755,64.168,,134,,133.026,19.538,4.9473,36.631,230.13,0.394,-9.99,,,-9.99,,,,
10030001,1991.197232,31.755,64.168,,136,,135.0108,19.534,4.9469,36.63,229.95,0.393,-9.99,,,-9.99,,,,
10030001,1991.197232,31.755,64.168,,138,,136.9956,19.528,4.9462,36.629,229.76,0.392,-9.99,,,-9.99,,,,
10030001,1991.197232,31.755,64.168,,140,,138.9804,19.524,4.9455,36.626,229.67,0.395,-9.99,,,-9.99,,,,
10030001,1991.197232,31.755,64.168,,142,,140.9651,19.521,4.9453,36.626,229.62,0.391,-9.99,,,-9.99,,,,
10030001,1991.197232,31.755,64.168,,144,,142.9499,19.519,4.9451,36.625,229.55,0.391,-9.99,,,-9.99,,,,
10030001,1991.197232,31.755,64.168,,146,,144.9346,19.517,4.9448,36.624,229.45,0.39,-9.99,,,-9.99,,,,
10030001,1991.197232,31.755,64.168,,148,,146.9193,19.516,4.9447,36.623,229.39,0.39,-9.99,,,-9.99,,,,
10030001,1991.197232,31.755,64.168,,150,,148.904,19.513,4.9445,36.623,229.32,0.39,-9.99,,,-9.99,,,,
10030001,1991.197232,31.755,64.168,,152,,150.8886,19.509,4.9441,36.623,229.19,0.39,-9.99,,,-9.99,,,,
10030001,1991.197232,31.755,64.168,,154,,152.8732,19.503,4.9435,36.622,229.13,0.39,-9.99,,,-9.99,,,,
10030001,1991.197232,31.755,64.168,,156,,154.8579,19.501,4.9434,36.622,229.09,0.39,-9.99,,,-9.99,,,,
10030001,1991.197232,31.755,64.168,,158,,156.8425,19.498,4.9431,36.622,229.07,0.391,-9.99,,,-9.99,,,,
10030001,1991.197232,31.755,64.168,,160,,158.827,19.493,4.9435,36.629,228.94,0.392,-9.99,,,-9.99,,,,
10030001,1991.197232,31.755,64.168,,162,,160.8116,19.48,4.9436,36.64,228.13,0.394,-9.99,,,-9.99,,,,
10030001,1991.197232,31.755,64.168,,164,,162.7961,19.473,4.943,36.641,226.42,0.394,-9.99,,,-9.99,,,,
10030001,1991.197232,31.755,64.168,,166,,164.7807,19.446,4.9404,36.642,225.59,0.394,-9.99,,,-9.99,,,,
10030001,1991.197232,31.755,64.168,,168,,166.7652,19.414,4.9375,36.645,224.14,0.394,-9.99,,,-9.99,,,,
10030001,1991.197232,31.755,64.168,,170,,168.7496,19.383,4.9346,36.647,222.73,0.394,-9.99,,,-9.99,,,,
10030001,1991.197232,31.755,64.168,,172,,170.7341,19.378,4.9339,36.645,220.07,0.394,-9.99,,,-9.99,,,,
10030001,1991.197232,31.755,64.168,,174,,172.7186,19.374,4.9335,36.645,218.5,0.394,-9.99,,,-9.99,,,,
10030001,1991.197232,31.755,64.168,,176,,174.703,19.345,4.9303,36.643,217.19,0.394,-9.99,,,-9.99,,,,
10030001,1991.197232,31.755,64.168,,178,,176.6874,19.292,4.9247,36.642,216.39,0.393,-9.99,,,-9.99,,,,
10030001,1991.197232,31.755,64.168,,180,,178.6718,19.267,4.9217,36.638,215.64,0.392,-9.99,,,-9.99,,,,
10030001,1991.197232,31.755,64.168,,182,,180.6561,19.225,4.9167,36.632,214.93,0.392,-9.99,,,-9.99,,,,
10030001,1991.197232,31.755,64.168,,184,,182.6405,19.215,4.9155,36.63,214.5,0.391,-9.99,,,-9.99,,,,
10030001,1991.197232,31.755,64.168,,186,,184.6248,19.203,4.9139,36.627,214.59,0.392,-9.99,,,-9.99,,,,
10030001,1991.197232,31.755,64.168,,188,,186.6091,19.194,4.913,36.626,214.93,0.39,-9.99,,,-9.99,,,,
10030001,1991.197232,31.755,64.168,,190,,188.5934,19.173,4.9106,36.624,215.64,0.391,-9.99,,,-9.99,,,,
10030001,1991.197232,31.755,64.168,,192,,190.5777,19.141,4.9067,36.619,215.95,0.39,-9.99,,,-9.99,,,,
10030001,1991.197232,31.755,64.168,,194,,192.5619,19.122,4.905,36.62,216.18,0.39,-9.99,,,-9.99,,,,
10030001,1991.197232,31.755,64.168,,196,,194.5462,19.114,4.9041,36.619,216.51,0.39,-9.99,,,-9.99,,,,
10030001,1991.197232,31.755,64.168,,198,,196.5304,19.079,4.9003,36.617,216.76,0.39,-9.99,,,-9.99,,,,
10030001,1991.197232,31.755,64.168,,200,,198.5146,19.056,4.8977,36.615,216.67,0.39,-9.99,,,-9.99,,,,
10030001,1991.197232,31.755,64.168,,202,,200.4988,19.034,4.8954,36.614,216.56,0.39,-9.99,,,-9.99,,,,
10030001,1991.197232,31.755,64.168,,204,,202.4829,19.003,4.892,36.612,216.88,0.39,-9.99,,,-9.99,,,,
10030001,1991.197232,31.755,64.168,,206,,204.467,18.985,4.8899,36.61,217.37,0.389,-9.99,,,-9.99,,,,
10030001,1991.197232,31.755,64.168,,208,,206.4512,18.973,4.8885,36.608,217.62,0.389,-9.99,,,-9.99,,,,
10030001,1991.197232,31.755,64.168,,210,,208.4353,18.963,4.8874,36.607,217.49,0.39,-9.99,,,-9.99,,,,
10030001,1991.197232,31.755,64.168,,212,,210.4193,18.954,4.8865,36.606,217.13,0.389,-9.99,,,-9.99,,,,
10030001,1991.197232,31.755,64.168,,214,,212.4034,18.934,4.8843,36.605,216.53,0.39,-9.99,,,-9.99,,,,
10030001,1991.197232,31.755,64.168,,216,,214.3874,18.912,4.8819,36.603,216.03,0.39,-9.99,,,-9.99,,,,
10030001,1991.197232,31.755,64.168,,218,,216.3715,18.885,4.8789,36.601,215.59,0.387,-9.99,,,-9.99,,,,
10030001,1991.197232,31.755,64.168,,220,,218.3555,18.873,4.8775,36.599,215.03,0.388,-9.99,,,-9.99,,,,
10030001,1991.197232,31.755,64.168,,222,,220.3395,18.856,4.8757,36.598,214.3,0.387,-9.99,,,-9.99,,,,
10030001,1991.197232,31.755,64.168,,224,,222.3234,18.823,4.8718,36.594,213.59,0.387,-9.99,,,-9.99,,,,
10030001,1991.197232,31.755,64.168,,226,,224.3074,18.82,4.8716,36.594,213.15,0.387,-9.99,,,-9.99,,,,
10030001,1991.197232,31.755,64.168,,228,,226.2913,18.823,4.8719,36.593,212.52,0.387,-9.99,,,-9.99,,,,
10030001,1991.197232,31.755,64.168,,230,,228.2752,18.799,4.8695,36.593,211.93,0.387,-9.99,,,-9.99,,,,
10030001,1991.197232,31.755,64.168,,232,,230.2591,18.78,4.8673,36.591,211.33,0.387,-9.99,,,-9.99,,,,
10030001,1991.197232,31.755,64.168,,234,,232.243,18.744,4.8634,36.589,210.9,0.387,-9.99,,,-9.99,,,,
10030001,1991.197232,31.755,64.168,,236,,234.2268,18.735,4.8624,36.588,210.47,0.387,-9.99,,,-9.99,,,,
10030001,1991.197232,31.755,64.168,,238,,236.2106,18.725,4.8614,36.587,210.01,0.387,-9.99,,,-9.99,,,,
10030001,1991.197232,31.755,64.168,,240,,238.1945,18.71,4.8597,36.585,209.55,0.387,-9.99,,,-9.99,,,,
10030001,1991.197232,31.755,64.168,,242,,240.1782,18.701,4.8587,36.584,209.31,0.387,-9.99,,,-9.99,,,,
10030001,1991.197232,31.755,64.168,,244,,242.162,18.667,4.8552,36.584,209.1,0.387,-9.99,,,-9.99,,,,
10030001,1991.197232,31.755,64.168,,246,,244.1458,18.649,4.8532,36.582,208.77,0.386,-9.99,,,-9.99,,,,
10030001,1991.197232,31.755,64.168,,248,,246.1295,18.621,4.8499,36.578,208.48,0.387,-9.99,,,-9.99,,,,
10030001,1991.197232,31.755,64.168,,250,,248.1132,18.618,4.8496,36.578,208.31,0.387,-9.99,,,-9.99,,,,
10030001,1991.197232,31.755,64.168,,252,,250.0969,18.613,4.8491,36.577,208.01,0.386,-9.99,,,-9.99,,,,
10030001,1991.197232,31.755,64.168,,254,,252.0806,18.599,4.8475,36.575,207.52,0.387,-9.99,,,-9.99,,,,
10030001,1991.197232,31.755,64.168,,256,,254.0643,18.592,4.8467,36.574,207.38,0.387,-9.99,,,-9.99,,,,
10030001,1991.197232,31.755,64.168,,258,,256.0479,18.587,4.8463,36.574,207.29,0.386,-9.99,,,-9.99,,,,
10030001,1991.197232,31.755,64.168,,260,,258.0315,18.583,4.8458,36.573,207.24,0.386,-9.99,,,-9.99,,,,
10030001,1991.197232,31.755,64.168,,262,,260.0151,18.579,4.8455,36.573,207.3,0.386,-9.99,,,-9.99,,,,
10030001,1991.197232,31.755,64.168,,264,,261.9987,18.575,4.8451,36.572,207.39,0.387,-9.99,,,-9.99,,,,
10030001,1991.197232,31.755,64.168,,266,,263.9823,18.562,4.8437,36.571,207.43,0.387,-9.99,,,-9.99,,,,
10030001,1991.197232,31.755,64.168,,268,,265.9658,18.541,4.8413,36.569,207.5,0.386,-9.99,,,-9.99,,,,
10030001,1991.197232,31.755,64.168,,270,,267.9493,18.522,4.8393,36.568,207.56,0.387,-9.99,,,-9.99,,,,
10030001,1991.197232,31.755,64.168,,272,,269.9328,18.529,4.8399,36.566,207.52,0.387,-9.99,,,-9.99,,,,
10030001,1991.197232,31.755,64.168,,274,,271.9163,18.521,4.8392,36.566,207.48,0.387,-9.99,,,-9.99,,,,
10030001,1991.197232,31.755,64.168,,276,,273.8998,18.516,4.8387,36.566,207.45,0.385,-9.99,,,-9.99,,,,
10030001,1991.197232,31.755,64.168,,278,,275.8832,18.51,4.8382,36.566,207.36,0.386,-9.99,,,-9.99,,,,
10030001,1991.197232,31.755,64.168,,280,,277.8667,18.496,4.8367,36.565,207.25,0.385,-9.99,,,-9.99,,,,
10030001,1991.197232,31.755,64.168,,282,,279.8501,18.488,4.8356,36.562,207.21,0.385,-9.99,,,-9.99,,,,
10030001,1991.197232,31.755,64.168,,284,,281.8335,18.476,4.8344,36.562,207.28,0.386,-9.99,,,-9.99,,,,
10030001,1991.197232,31.755,64.168,,286,,283.8168,18.466,4.8334,36.561,207.28,0.386,-9.99,,,-9.99,,,,
10030001,1991.197232,31.755,64.168,,288,,285.8002,18.459,4.8326,36.56,207.22,0.386,-9.99,,,-9.99,,,,
10030001,1991.197232,31.755,64.168,,290,,287.7835,18.448,4.8314,36.559,207.15,0.385,-9.99,,,-9.99,,,,
10030001,1991.197232,31.755,64.168,,292,,289.7668,18.428,4.8292,36.557,207.1,0.385,-9.99,,,-9.99,,,,
10030001,1991.197232,31.755,64.168,,294,,291.7501,18.405,4.8266,36.555,207.05,0.386,-9.99,,,-9.99,,,,
10030001,1991.197232,31.755,64.168,,296,,293.7334,18.39,4.825,36.554,206.77,0.385,-9.99,,,-9.99,,,,
10030001,1991.197232,31.755,64.168,,298,,295.7167,18.369,4.8225,36.55,206.45,0.385,-9.99,,,-9.99,,,,
10030001,1991.197232,31.755,64.168,,300,,297.6999,18.354,4.8208,36.548,206.41,0.385,-9.99,,,-9.99,,,,
10030001,1991.197232,31.755,64.168,,302,,299.6831,18.337,4.819,36.547,206.48,0.385,-9.99,,,-9.99,,,,
10030001,1991.197232,31.755,64.168,,304,,301.6663,18.32,4.8169,36.544,206.55,0.385,-9.99,,,-9.99,,,,
10030001,1991.197232,31.755,64.168,,306,,303.6495,18.306,4.8155,36.544,206.62,0.385,-9.99,,,-9.99,,,,
10030001,1991.197232,31.755,64.168,,308,,305.6327,18.306,4.8154,36.542,206.71,0.385,-9.99,,,-9.99,,,,
10030001,1991.197232,31.755,64.168,,310,,307.6158,18.285,4.8131,36.54,206.74,0.384,-9.99,,,-9.99,,,,
10030001,1991.197232,31.755,64.168,,312,,309.5989,18.268,4.8112,36.538,206.79,0.385,-9.99,,,-9.99,,,,
10030001,1991.197232,31.755,64.168,,314,,311.582,18.258,4.8101,36.537,206.86,0.385,-9.99,,,-9.99,,,,
10030001,1991.197232,31.755,64.168,,316,,313.5651,18.252,4.8095,36.537,206.95,0.385,-9.99,,,-9.99,,,,
10030001,1991.197232,31.755,64.168,,318,,315.5482,18.246,4.8089,36.536,207.07,0.385,-9.99,,,-9.99,,,,
10030001,1991.197232,31.755,64.168,,320,,317.5312,18.219,4.806,36.535,207.18,0.385,-9.99,,,-9.99,,,,
10030001,1991.197232,31.755,64.168,,322,,319.5143,18.191,4.803,36.533,207.31,0.385,-9.99,,,-9.99,,,,
10030001,1991.197232,31.755,64.168,,324,,321.4973,18.176,4.8013,36.531,207.43,0.385,-9.99,,,-9.99,,,,
10030001,1991.197232,31.755,64.168,,326,,323.4803,18.163,4.7999,36.53,207.51,0.385,-9.99,,,-9.99,,,,
10030001,1991.197232,31.755,64.168,,328,,325.4632,18.151,4.7985,36.528,207.58,0.385,-9.99,,,-9.99,,,,
10030001,1991.197232,31.755,64.168,,330,,327.4462,18.123,4.7954,36.526,207.66,0.385,-9.99,,,-9.99,,,,
10030001,1991.197232,31.755,64.168,,332,,329.4291,18.118,4.7948,36.524,207.74,0.384,-9.99,,,-9.99,,,,
10030001,1991.197232,31.755,64.168,,334,,331.412,18.117,4.7948,36.524,207.84,0.385,-9.99,,,-9.99,,,,
10030001,1991.197232,31.755,64.168,,336,,333.3949,18.096,4.7924,36.522,207.92,0.384,-9.99,,,-9.99,,,,
10030001,1991.197232,31.755,64.168,,338,,335.3778,18.085,4.7909,36.518,208.03,0.384,-9.99,,,-9.99,,,,
10030001,1991.197232,31.755,64.168,,340,,337.3606,18.062,4.7885,36.517,208.07,0.384,-9.99,,,-9.99,,,,
10030001,1991.197232,31.755,64.168,,342,,339.3435,18.053,4.7875,36.516,208.05,0.384,-9.99,,,-9.99,,,,
10030001,1991.197232,31.755,64.168,,344,,341.3263,18.046,4.7868,36.515,207.9,0.384,-9.99,,,-9.99,,,,
10030001,1991.197232,31.755,64.168,,346,,343.3091,18.038,4.7858,36.513,207.71,0.384,-9.99,,,-9.99,,,,
10030001,1991.197232,31.755,64.168,,348,,345.2919,18.036,4.7857,36.513,207.74,0.385,-9.99,,,-9.99,,,,
10030001,1991.197232,31.755,64.168,,350,,347.2746,18.03,4.7851,36.513,207.84,0.385,-9.99,,,-9.99,,,,
10030001,1991.197232,31.755,64.168,,352,,349.2574,18.026,4.7847,36.512,207.96,0.385,-9.99,,,-9.99,,,,
10030001,1991.197232,31.755,64.168,,354,,351.2401,18.021,4.7841,36.511,207.94,0.385,-9.99,,,-9.99,,,,
10030001,1991.197232,31.755,64.168,,356,,353.2228,18.015,4.7835,36.51,207.87,0.385,-9.99,,,-9.99,,,,
10030001,1991.197232,31.755,64.168,,358,,355.2055,17.994,4.7812,36.508,207.82,0.384,-9.99,,,-9.99,,,,
10030001,1991.197232,31.755,64.168,,360,,357.1882,17.986,4.7804,36.508,207.79,0.384,-9.99,,,-9.99,,,,
10030001,1991.197232,31.755,64.168,,362,,359.1708,17.987,4.7806,36.508,207.68,0.384,-9.99,,,-9.99,,,,
10030001,1991.197232,31.755,64.168,,364,,361.1534,17.984,4.7803,36.507,207.73,0.384,-9.99,,,-9.99,,,,
10030001,1991.197232,31.755,64.168,,366,,363.136,17.978,4.7797,36.507,207.79,0.384,-9.99,,,-9.99,,,,
10030001,1991.197232,31.755,64.168,,368,,365.1186,17.971,4.779,36.506,207.88,0.384,-9.99,,,-9.99,,,,
10030001,1991.197232,31.755,64.168,,370,,367.1012,17.965,4.7783,36.505,207.98,0.383,-9.99,,,-9.99,,,,
10030001,1991.197232,31.755,64.168,,372,,369.0837,17.946,4.7762,36.503,208.08,0.385,-9.99,,,-9.99,,,,
10030001,1991.197232,31.755,64.168,,374,,371.0663,17.933,4.7747,36.501,208.17,0.384,-9.99,,,-9.99,,,,
10030001,1991.197232,31.755,64.168,,376,,373.0488,17.912,4.7725,36.5,208.29,0.385,-9.99,,,-9.99,,,,
10030001,1991.197232,31.755,64.168,,378,,375.0313,17.89,4.7698,36.496,208.4,0.384,-9.99,,,-9.99,,,,
10030001,1991.197232,31.755,64.168,,380,,377.0138,17.885,4.7693,36.495,208.39,0.384,-9.99,,,-9.99,,,,
10030001,1991.197232,31.755,64.168,,382,,378.9962,17.874,4.7679,36.492,208.35,0.384,-9.99,,,-9.99,,,,
10030001,1991.197232,31.755,64.168,,384,,380.9786,17.861,4.7664,36.49,208.2,0.384,-9.99,,,-9.99,,,,
10030001,1991.197232,31.755,64.168,,386,,382.9611,17.848,4.7649,36.488,207.98,0.383,-9.99,,,-9.99,,,,
10030001,1991.197232,31.755,64.168,,388,,384.9435,17.844,4.7643,36.486,207.81,0.384,-9.99,,,-9.99,,,,
10030001,1991.197232,31.755,64.168,,390,,386.9258,17.825,4.7622,36.484,207.79,0.385,-9.99,,,-9.99,,,,
10030001,1991.197232,31.755,64.168,,392,,388.9082,17.8,4.7594,36.481,207.58,0.383,-9.99,,,-9.99,,,,
10030001,1991.197232,31.755,64.168,,394,,390.8905,17.781,4.757,36.477,207.32,0.385,-9.99,,,-9.99,,,,
10030001,1991.197232,31.755,64.168,,396,,392.8729,17.776,4.7565,36.476,207.15,0.383,-9.99,,,-9.99,,,,
10030001,1991.197232,31.755,64.168,,398,,394.8552,17.745,4.7529,36.472,206.87,0.383,-9.99,,,-9.99,,,,
10030001,1991.197232,31.755,64.168,,400,,396.8374,17.736,4.7516,36.468,206.6,0.384,-9.99,,,-9.99,,,,
10030001,1991.197232,31.755,64.168,,402,,398.8197,17.732,4.7511,36.467,206.38,0.385,-9.99,,,-9.99,,,,
10030001,1991.197232,31.755,64.168,,404,,400.802,17.726,4.7504,36.465,206.28,0.384,-9.99,,,-9.99,,,,
10030001,1991.197232,31.755,64.168,,406,,402.7842,17.678,4.7449,36.46,206.05,0.384,-9.99,,,-9.99,,,,
10030001,1991.197232,31.755,64.168,,408,,404.7664,17.643,4.7404,36.452,205.39,0.384,-9.99,,,-9.99,,,,
10030001,1991.197232,31.755,64.168,,410,,406.7486,17.621,4.7375,36.446,204.75,0.385,-9.99,,,-9.99,,,,
10030001,1991.197232,31.755,64.168,,412,,408.7307,17.59,4.734,36.442,204.34,0.385,-9.99,,,-9.99,,,,
10030001,1991.197232,31.755,64.168,,414,,410.7129,17.597,4.7345,36.44,203.7,0.383,-9.99,,,-9.99,,,,
10030001,1991.197232,31.755,64.168,,416,,412.695,17.577,4.7323,36.438,203.32,0.385,-9.99,,,-9.99,,,,
10030001,1991.197232,31.755,64.168,,418,,414.6771,17.553,4.7297,36.436,202.82,0.383,-9.99,,,-9.99,,,,
10030001,1991.197232,31.755,64.168,,420,,416.6592,17.501,4.7235,36.428,202.47,0.384,-9.99,,,-9.99,,,,
10030001,1991.197232,31.755,64.168,,422,,418.6413,17.476,4.7203,36.422,202.23,0.384,-9.99,,,-9.99,,,,
10030001,1991.197232,31.755,64.168,,424,,420.6234,17.457,4.7177,36.416,201.61,0.384,-9.99,,,-9.99,,,,
10030001,1991.197232,31.755,64.168,,426,,422.6054,17.417,4.7128,36.408,200.75,0.385,-9.99,,,-9.99,,,,
10030001,1991.197232,31.755,64.168,,428,,424.5874,17.406,4.7116,36.407,200.26,0.384,-9.99,,,-9.99,,,,
10030001,1991.197232,31.755,64.168,,430,,426.5694,17.393,4.7101,36.405,199.48,0.385,-9.99,,,-9.99,,,,
10030001,1991.197232,31.755,64.168,,432,,428.5514,17.384,4.7089,36.402,198.71,0.384,-9.99,,,-9.99,,,,
10030001,1991.197232,31.755,64.168,,434,,430.5333,17.372,4.7076,36.401,198.18,0.384,-9.99,,,-9.99,,,,
10030001,1991.197232,31.755,64.168,,436,,432.5153,17.345,4.7044,36.396,197.74,0.385,-9.99,,,-9.99,,,,
10030001,1991.197232,31.755,64.168,,438,,434.4972,17.335,4.703,36.392,197.26,0.384,-9.99,,,-9.99,,,,
10030001,1991.197232,31.755,64.168,,440,,436.4791,17.322,4.7015,36.39,196.69,0.384,-9.99,,,-9.99,,,,
10030001,1991.197232,31.755,64.168,,442,,438.461,17.303,4.699,36.385,196.43,0.385,-9.99,,,-9.99,,,,
10030001,1991.197232,31.755,64.168,,444,,440.4429,17.25,4.6928,36.378,196.16,0.383,-9.99,,,-9.99,,,,
10030001,1991.197232,31.755,64.168,,446,,442.4247,17.199,4.6871,36.373,195.97,0.385,-9.99,,,-9.99,,,,
10030001,1991.197232,31.755,64.168,,448,,444.4065,17.186,4.6854,36.369,195.69,0.385,-9.99,,,-9.99,,,,
10030001,1991.197232,31.755,64.168,,450,,446.3883,17.185,4.6851,36.367,195.35,0.384,-9.99,,,-9.99,,,,
10030001,1991.197232,31.755,64.168,,452,,448.3701,17.177,4.6841,36.364,194.95,0.384,-9.99,,,-9.99,,,,
10030001,1991.197232,31.755,64.168,,454,,450.3519,17.133,4.679,36.359,194.65,0.384,-9.99,,,-9.99,,,,
10030001,1991.197232,31.755,64.168,,456,,452.3336,17.101,4.6752,36.353,194.27,0.384,-9.99,,,-9.99,,,,
10030001,1991.197232,31.755,64.168,,458,,454.3154,17.084,4.6733,36.351,194.08,0.384,-9.99,,,-9.99,,,,
10030001,1991.197232,31.755,64.168,,460,,456.2971,17.071,4.6716,36.347,193.85,0.384,-9.99,,,-9.99,,,,
10030001,1991.197232,31.755,64.168,,462,,458.2788,17.036,4.6675,36.342,193.42,0.385,-9.99,,,-9.99,,,,
10030001,1991.197232,31.755,64.168,,464,,460.2605,17.02,4.6654,36.338,192.99,0.385,-9.99,,,-9.99,,,,
10030001,1991.197232,31.755,64.168,,466,,462.2421,16.993,4.6624,36.335,192.8,0.384,-9.99,,,-9.99,,,,
10030001,1991.197232,31.755,64.168,,468,,464.2238,16.953,4.6577,36.329,192.41,0.384,-9.99,,,-9.99,,,,
10030001,1991.197232,31.755,64.168,,470,,466.2054,16.922,4.6538,36.322,191.94,0.385,-9.99,,,-9.99,,,,
10030001,1991.197232,31.755,64.168,,472,,468.187,16.913,4.6527,36.32,191.73,0.385,-9.99,,,-9.99,,,,
10030001,1991.197232,31.755,64.168,,474,,470.1685,16.893,4.6505,36.318,191.48,0.384,-9.99,,,-9.99,,,,
10030001,1991.197232,31.755,64.168,,476,,472.1501,16.853,4.6456,36.31,191.23,0.384,-9.99,,,-9.99,,,,
10030001,1991.197232,31.755,64.168,,478,,474.1316,16.842,4.6443,36.308,191.06,0.384,-9.99,,,-9.99,,,,
10030001,1991.197232,31.755,64.168,,480,,476.1132,16.828,4.6426,36.305,190.79,0.384,-9.99,,,-9.99,,,,
10030001,1991.197232,31.755,64.168,,482,,478.0947,16.798,4.6391,36.3,190.69,0.385,-9.99,,,-9.99,,,,
10030001,1991.197232,31.755,64.168,,484,,480.0762,16.775,4.6361,36.294,190.51,0.384,-9.99,,,-9.99,,,,
10030001,1991.197232,31.755,64.168,,486,,482.0576,16.75,4.6333,36.291,190.36,0.385,-9.99,,,-9.99,,,,
10030001,1991.197232,31.755,64.168,,488,,484.0391,16.722,4.6303,36.289,190.13,0.384,-9.99,,,-9.99,,,,
10030001,1991.197232,31.755,64.168,,490,,486.0205,16.699,4.6276,36.285,189.86,0.384,-9.99,,,-9.99,,,,
10030001,1991.197232,31.755,64.168,,492,,488.0019,16.651,4.6216,36.275,189.72,0.384,-9.99,,,-9.99,,,,
10030001,1991.197232,31.755,64.168,,494,,489.9833,16.633,4.6196,36.273,189.74,0.384,-9.99,,,-9.99,,,,
10030001,1991.197232,31.755,64.168,,496,,491.9647,16.615,4.6176,36.271,189.58,0.385,-9.99,,,-9.99,,,,
10030001,1991.197232,31.755,64.168,,498,,493.946,16.6,4.6156,36.266,189.53,0.384,-9.99,,,-9.99,,,,
10030001,1991.197232,31.755,64.168,,500,,495.9273,16.551,4.61,36.26,189.49,0.385,-9.99,,,-9.99,,,,
10030001,1991.197232,31.755,64.168,,502,,497.9087,16.503,4.6042,36.251,189.33,0.384,-9.99,,,-9.99,,,,
10030001,1991.197232,31.755,64.168,,504,,499.89,16.493,4.6029,36.248,189.13,0.385,-9.99,,,-9.99,,,,
10030001,1991.197232,31.755,64.168,,506,,501.8712,16.475,4.6009,36.246,188.94,0.385,-9.99,,,-9.99,,,,
10030001,1991.197232,31.755,64.168,,508,,503.8525,16.415,4.5937,36.236,188.59,0.384,-9.99,,,-9.99,,,,
10030001,1991.197232,31.755,64.168,,510,,505.8337,16.381,4.5897,36.23,188.34,0.385,-9.99,,,-9.99,,,,
10030001,1991.197232,31.755,64.168,,512,,507.8149,16.354,4.5865,36.226,188.02,0.384,-9.99,,,-9.99,,,,
10030001,1991.197232,31.755,64.168,,514,,509.7961,16.323,4.5828,36.22,187.55,0.384,-9.99,,,-9.99,,,,
10030001,1991.197232,31.755,64.168,,516,,511.7773,16.274,4.577,36.212,187.1,0.384,-9.99,,,-9.99,,,,
10030001,1991.197232,31.755,64.168,,518,,513.7585,16.231,4.5722,36.208,186.84,0.384,-9.99,,,-9.99,,,,
10030001,1991.197232,31.755,64.168,,520,,515.7396,16.197,4.568,36.201,186.63,0.384,-9.99,,,-9.99,,,,
10030001,1991.197232,31.755,64.168,,522,,517.7208,16.173,4.565,36.195,186.51,0.384,-9.99,,,-9.99,,,,
10030001,1991.197232,31.755,64.168,,524,,519.7019,16.117,4.5585,36.187,186.45,0.383,-9.99,,,-9.99,,,,
10030001,1991.197232,31.755,64.168,,526,,521.6829,16.103,4.557,36.186,186.45,0.384,-9.99,,,-9.99,,,,
10030001,1991.197232,31.755,64.168,,528,,523.664,16.09,4.5554,36.182,186.48,0.385,-9.99,,,-9.99,,,,
10030001,1991.197232,31.755,64.168,,530,,525.6451,16.078,4.5541,36.181,186.47,0.385,-9.99,,,-9.99,,,,
10030001,1991.197232,31.755,64.168,,532,,527.6261,16.038,4.5493,36.174,186.41,0.385,-9.99,,,-9.99,,,,
10030001,1991.197232,31.755,64.168,,534,,529.6071,15.997,4.5441,36.164,186.22,0.384,-9.99,,,-9.99,,,,
10030001,1991.197232,31.755,64.168,,536,,531.5881,15.946,4.5382,36.157,185.85,0.384,-9.99,,,-9.99,,,,
10030001,1991.197232,31.755,64.168,,538,,533.5691,15.904,4.5333,36.15,185.21,0.384,-9.99,,,-9.99,,,,
10030001,1991.197232,31.755,64.168,,540,,535.55,15.85,4.5267,36.139,184.42,0.385,-9.99,,,-9.99,,,,
10030001,1991.197232,31.755,64.168,,542,,537.5309,15.827,4.5241,36.136,183.85,0.385,-9.99,,,-9.99,,,,
10030001,1991.197232,31.755,64.168,,544,,539.5119,15.798,4.5207,36.131,182.81,0.385,-9.99,,,-9.99,,,,
10030001,1991.197232,31.755,64.168,,546,,541.4928,15.796,4.5203,36.129,182.01,0.384,-9.99,,,-9.99,,,,
10030001,1991.197232,31.755,64.168,,548,,543.4736,15.778,4.5185,36.128,181.69,0.384,-9.99,,,-9.99,,,,
10030001,1991.197232,31.755,64.168,,550,,545.4545,15.707,4.5101,36.117,181.3,0.385,-9.99,,,-9.99,,,,
10030001,1991.197232,31.755,64.168,,552,,547.4353,15.647,4.5029,36.106,180.78,0.384,-9.99,,,-9.99,,,,
10030001,1991.197232,31.755,64.168,,554,,549.4161,15.622,4.4999,36.101,180.38,0.385,-9.99,,,-9.99,,,,
10030001,1991.197232,31.755,64.168,,556,,551.3969,15.611,4.4984,36.097,179.82,0.384,-9.99,,,-9.99,,,,
10030001,1991.197232,31.755,64.168,,558,,553.3777,15.566,4.4934,36.092,179.44,0.385,-9.99,,,-9.99,,,,
10030001,1991.197232,31.755,64.168,,560,,555.3585,15.547,4.4908,36.085,179.05,0.385,-9.99,,,-9.99,,,,
10030001,1991.197232,31.755,64.168,,562,,557.3392,15.493,4.4846,36.078,178.64,0.385,-9.99,,,-9.99,,,,
10030001,1991.197232,31.755,64.168,,564,,559.32,15.458,4.4805,36.072,178.05,0.385,-9.99,,,-9.99,,,,
10030001,1991.197232,31.755,64.168,,566,,561.3007,15.43,4.4774,36.069,177.59,0.385,-9.99,,,-9.99,,,,
10030001,1991.197232,31.755,64.168,,568,,563.2814,15.419,4.4761,36.066,177.21,0.385,-9.99,,,-9.99,,,,
10030001,1991.197232,31.755,64.168,,570,,565.262,15.375,4.4704,36.054,176.73,0.385,-9.99,,,-9.99,,,,
10030001,1991.197232,31.755,64.168,,572,,567.2427,15.316,4.4637,36.047,176.53,0.385,-9.99,,,-9.99,,,,
10030001,1991.197232,31.755,64.168,,574,,569.2233,15.3,4.4619,36.044,176.29,0.384,-9.99,,,-9.99,,,,
10030001,1991.197232,31.755,64.168,,576,,571.2039,15.26,4.4569,36.035,175.94,0.385,-9.99,,,-9.99,,,,
10030001,1991.197232,31.755,64.168,,578,,573.1845,15.212,4.4513,36.027,175.49,0.384,-9.99,,,-9.99,,,,
10030001,1991.197232,31.755,64.168,,580,,575.1651,15.172,4.4467,36.021,175.17,0.385,-9.99,,,-9.99,,,,
10030001,1991.197232,31.755,64.168,,582,,577.1456,15.165,4.4455,36.016,174.66,0.385,-9.99,,,-9.99,,,,
10030001,1991.197232,31.755,64.168,,584,,579.1262,15.126,4.4409,36.009,174.36,0.385,-9.99,,,-9.99,,,,
10030001,1991.197232,31.755,64.168,,586,,581.1067,15.063,4.4339,36.002,173.99,0.385,-9.99,,,-9.99,,,,
10030001,1991.197232,31.755,64.168,,588,,583.0872,15.033,4.4301,35.994,173.41,0.384,-9.99,,,-9.99,,,,
10030001,1991.197232,31.755,64.168,,590,,585.0677,14.996,4.4262,35.992,173.07,0.383,-9.99,,,-9.99,,,,
10030001,1991.197232,31.755,64.168,,592,,587.0481,14.981,4.4241,35.986,172.76,0.384,-9.99,,,-9.99,,,,
10030001,1991.197232,31.755,64.168,,594,,589.0286,14.948,4.4205,35.982,172.39,0.384,-9.99,,,-9.99,,,,
10030001,1991.197232,31.755,64.168,,596,,591.009,14.88,4.4125,35.971,171.94,0.384,-9.99,,,-9.99,,,,
10030001,1991.197232,31.755,64.168,,598,,592.9894,14.851,4.4088,35.963,171.68,0.385,-9.99,,,-9.99,,,,
10030001,1991.197232,31.755,64.168,,600,,594.9698,14.807,4.4037,35.956,171.19,0.385,-9.99,,,-9.99,,,,
10030001,1991.197232,31.755,64.168,,602,,596.9501,14.705,4.3921,35.943,171.06,0.384,-9.99,,,-9.99,,,,
10030001,1991.197232,31.755,64.168,,604,,598.9305,14.686,4.3897,35.937,171.11,0.384,-9.99,,,-9.99,,,,
10030001,1991.197232,31.755,64.168,,606,,600.9108,14.672,4.3881,35.935,171.16,0.385,-9.99,,,-9.99,,,,
10030001,1991.197232,31.755,64.168,,608,,602.8911,14.672,4.3878,35.931,171.12,0.385,-9.99,,,-9.99,,,,
10030001,1991.197232,31.755,64.168,,610,,604.8714,14.626,4.3826,35.925,171.06,0.385,-9.99,,,-9.99,,,,
10030001,1991.197232,31.755,64.168,,612,,606.8517,14.571,4.3766,35.92,170.99,0.385,-9.99,,,-9.99,,,,
10030001,1991.197232,31.755,64.168,,614,,608.8319,14.531,4.3724,35.917,170.82,0.385,-9.99,,,-9.99,,,,
10030001,1991.197232,31.755,64.168,,616,,610.8122,14.504,4.369,35.91,170.59,0.384,-9.99,,,-9.99,,,,
10030001,1991.197232,31.755,64.168,,618,,612.7924,14.436,4.3616,35.904,170.48,0.384,-9.99,,,-9.99,,,,
10030001,1991.197232,31.755,64.168,,620,,614.7726,14.395,4.357,35.898,170.43,0.384,-9.99,,,-9.99,,,,
10030001,1991.197232,31.755,64.168,,622,,616.7527,14.344,4.351,35.889,170.47,0.385,-9.99,,,-9.99,,,,
10030001,1991.197232,31.755,64.168,,624,,618.7329,14.323,4.3484,35.884,170.59,0.384,-9.99,,,-9.99,,,,
10030001,1991.197232,31.755,64.168,,626,,620.713,14.24,4.339,35.873,170.63,0.384,-9.99,,,-9.99,,,,
10030001,1991.197232,31.755,64.168,,628,,622.6932,14.22,4.3368,35.87,170.65,0.383,-9.99,,,-9.99,,,,
10030001,1991.197232,31.755,64.168,,630,,624.6733,14.196,4.3342,35.867,170.72,0.383,-9.99,,,-9.99,,,,
10030001,1991.197232,31.755,64.168,,632,,626.6533,14.17,4.3309,35.86,170.8,0.383,-9.99,,,-9.99,,,,
10030001,1991.197232,31.755,64.168,,634,,628.6334,14.118,4.3253,35.855,170.89,0.384,-9.99,,,-9.99,,,,
10030001,1991.197232,31.755,64.168,,636,,630.6134,14.076,4.321,35.853,171.05,0.384,-9.99,,,-9.99,,,,
10030001,1991.197232,31.755,64.168,,638,,632.5935,14.043,4.317,35.846,171.27,0.384,-9.99,,,-9.99,,,,
10030001,1991.197232,31.755,64.168,,640,,634.5735,14.017,4.3137,35.838,171.43,0.384,-9.99,,,-9.99,,,,
10030001,1991.197232,31.755,64.168,,642,,636.5535,14.002,4.312,35.836,171.42,0.385,-9.99,,,-9.99,,,,
10030001,1991.197232,31.755,64.168,,644,,638.5334,13.988,4.3104,35.833,171.29,0.383,-9.99,,,-9.99,,,,
10030001,1991.197232,31.755,64.168,,646,,640.5134,13.942,4.3055,35.829,171.17,0.383,-9.99,,,-9.99,,,,
10030001,1991.197232,31.755,64.168,,648,,642.4933,13.923,4.3031,35.824,171.24,0.384,-9.99,,,-9.99,,,,
10030001,1991.197232,31.755,64.168,,650,,644.4732,13.896,4.3003,35.822,171.3,0.385,-9.99,,,-9.99,,,,
10030001,1991.197232,31.755,64.168,,652,,646.4531,13.865,4.2969,35.818,171.45,0.384,-9.99,,,-9.99,,,,
10030001,1991.197232,31.755,64.168,,654,,648.433,13.81,4.2912,35.815,171.99,0.383,-9.99,,,-9.99,,,,
10030001,1991.197232,31.755,64.168,,656,,650.4128,13.768,4.2862,35.806,172.68,0.383,-9.99,,,-9.99,,,,
10030001,1991.197232,31.755,64.168,,658,,652.3927,13.729,4.2812,35.795,173.27,0.383,-9.99,,,-9.99,,,,
10030001,1991.197232,31.755,64.168,,660,,654.3725,13.661,4.2734,35.784,174.26,0.383,-9.99,,,-9.99,,,,
10030001,1991.197232,31.755,64.168,,662,,656.3523,13.637,4.2709,35.782,174.66,0.383,-9.99,,,-9.99,,,,
10030001,1991.197232,31.755,64.168,,664,,658.3321,13.604,4.2673,35.778,174.65,0.384,-9.99,,,-9.99,,,,
10030001,1991.197232,31.755,64.168,,666,,660.3118,13.524,4.2586,35.77,174.26,0.383,-9.99,,,-9.99,,,,
10030001,1991.197232,31.755,64.168,,668,,662.2916,13.432,4.2475,35.751,173.45,0.384,-9.99,,,-9.99,,,,
10030001,1991.197232,31.755,64.168,,670,,664.2713,13.391,4.2428,35.744,172.88,0.384,-9.99,,,-9.99,,,,
10030001,1991.197232,31.755,64.168,,672,,666.251,13.346,4.2374,35.734,171.9,0.384,-9.99,,,-9.99,,,,
10030001,1991.197232,31.755,64.168,,674,,668.2307,13.29,4.231,35.725,170.59,0.384,-9.99,,,-9.99,,,,
10030001,1991.197232,31.755,64.168,,676,,670.2103,13.26,4.2277,35.721,169.16,0.384,-9.99,,,-9.99,,,,
10030001,1991.197232,31.755,64.168,,678,,672.19,13.201,4.221,35.712,167.02,0.384,-9.99,,,-9.99,,,,
10030001,1991.197232,31.755,64.168,,680,,674.1696,13.176,4.2182,35.708,165.57,0.385,-9.99,,,-9.99,,,,
10030001,1991.197232,31.755,64.168,,682,,676.1492,13.148,4.2149,35.702,164.34,0.385,-9.99,,,-9.99,,,,
10030001,1991.197232,31.755,64.168,,684,,678.1288,13.143,4.2142,35.699,163.57,0.384,-9.99,,,-9.99,,,,
10030001,1991.197232,31.755,64.168,,686,,680.1084,13.143,4.2141,35.697,162.75,0.383,-9.99,,,-9.99,,,,
10030001,1991.197232,31.755,64.168,,688,,682.0879,13.112,4.211,35.696,161.97,0.385,-9.99,,,-9.99,,,,
10030001,1991.197232,31.755,64.168,,690,,684.0675,13.032,4.2023,35.688,161.26,0.385,-9.99,,,-9.99,,,,
10030001,1991.197232,31.755,64.168,,692,,686.047,12.985,4.1966,35.677,160.87,0.384,-9.99,,,-9.99,,,,
10030001,1991.197232,31.755,64.168,,694,,688.0265,12.876,4.1847,35.665,160.38,0.384,-9.99,,,-9.99,,,,
10030001,1991.197232,31.755,64.168,,696,,690.0059,12.783,4.1745,35.654,160.01,0.385,-9.99,,,-9.99,,,,
10030001,1991.197232,31.755,64.168,,698,,691.9854,12.725,4.1683,35.648,159.37,0.385,-9.99,,,-9.99,,,,
10030001,1991.197232,31.755,64.168,,700,,693.9648,12.634,4.1572,35.626,158.55,0.385,-9.99,,,-9.99,,,,
10030001,1991.197232,31.755,64.168,,702,,695.9443,12.598,4.1534,35.623,158,0.385,-9.99,,,-9.99,,,,
10030001,1991.197232,31.755,64.168,,704,,697.9237,12.585,4.1521,35.622,157.48,0.385,-9.99,,,-9.99,,,,
10030001,1991.197232,31.755,64.168,,706,,699.903,12.56,4.1496,35.62,156.88,0.383,-9.99,,,-9.99,,,,
10030001,1991.197232,31.755,64.168,,708,,701.8824,12.519,4.1455,35.619,156.9,0.385,-9.99,,,-9.99,,,,
10030001,1991.197232,31.755,64.168,,710,,703.8618,12.504,4.144,35.618,157.3,0.384,-9.99,,,-9.99,,,,
10030001,1991.197232,31.755,64.168,,712,,705.8411,12.452,4.1384,35.612,158.22,0.383,-9.99,,,-9.99,,,,
10030001,1991.197232,31.755,64.168,,714,,707.8204,12.33,4.1259,35.606,159.43,0.383,-9.99,,,-9.99,,,,
10030001,1991.197232,31.755,64.168,,716,,709.7997,12.276,4.1195,35.594,161.02,0.383,-9.99,,,-9.99,,,,
10030001,1991.197232,31.755,64.168,,718,,711.7789,12.2,4.1113,35.586,162,0.383,-9.99,,,-9.99,,,,
10030001,1991.197232,31.755,64.168,,720,,713.7582,12.167,4.1073,35.577,163.24,0.383,-9.99,,,-9.99,,,,
10030001,1991.197232,31.755,64.168,,722,,715.7374,12.083,4.0984,35.57,163.97,0.383,-9.99,,,-9.99,,,,
10030001,1991.197232,31.755,64.168,,724,,717.7166,11.949,4.084,35.556,164.48,0.383,-9.99,,,-9.99,,,,
10030001,1991.197232,31.755,64.168,,726,,719.6958,11.849,4.073,35.542,164.39,0.383,-9.99,,,-9.99,,,,
10030001,1991.197232,31.755,64.168,,728,,721.675,11.766,4.0643,35.535,164.16,0.383,-9.99,,,-9.99,,,,
10030001,1991.197232,31.755,64.168,,730,,723.6542,11.667,4.053,35.518,163.66,0.383,-9.99,,,-9.99,,,,
10030001,1991.197232,31.755,64.168,,732,,725.6333,11.62,4.0478,35.511,163.41,0.383,-9.99,,,-9.99,,,,
10030001,1991.197232,31.755,64.168,,734,,727.6124,11.604,4.0459,35.507,163.12,0.383,-9.99,,,-9.99,,,,
10030001,1991.197232,31.755,64.168,,736,,729.5915,11.586,4.0437,35.501,162.81,0.383,-9.99,,,-9.99,,,,
10030001,1991.197232,31.755,64.168,,738,,731.5706,11.578,4.0426,35.497,162.56,0.383,-9.99,,,-9.99,,,,
10030001,1991.197232,31.755,64.168,,740,,733.5497,11.563,4.041,35.495,162.35,0.383,-9.99,,,-9.99,,,,
10030001,1991.197232,31.755,64.168,,742,,735.5287,11.557,4.0404,35.494,162.28,0.383,-9.99,,,-9.99,,,,
10030001,1991.197232,31.755,64.168,,744,,737.5077,11.512,4.036,35.493,162.23,0.383,-9.99,,,-9.99,,,,
10030001,1991.197232,31.755,64.168,,746,,739.4867,11.448,4.0284,35.478,162.09,0.383,-9.99,,,-9.99,,,,
10030001,1991.197232,31.755,64.168,,748,,741.4657,11.387,4.0217,35.469,162.04,0.383,-9.99,,,-9.99,,,,
10030001,1991.197232,31.755,64.168,,750,,743.4447,11.341,4.0167,35.463,161.76,0.383,-9.99,,,-9.99,,,,
10030001,1991.197232,31.755,64.168,,752,,745.4236,11.323,4.0145,35.458,161.32,0.383,-9.99,,,-9.99,,,,
10030001,1991.197232,31.755,64.168,,754,,747.4026,11.32,4.0142,35.457,160.73,0.383,-9.99,,,-9.99,,,,
10030001,1991.197232,31.755,64.168,,756,,749.3815,11.299,4.0117,35.451,159.63,0.383,-9.99,,,-9.99,,,,
10030001,1991.197232,31.755,64.168,,758,,751.3604,11.222,4.0039,35.447,159.02,0.384,-9.99,,,-9.99,,,,
10030001,1991.197232,31.755,64.168,,760,,753.3392,11.086,3.9898,35.436,158.52,0.384,-9.99,,,-9.99,,,,
10030001,1991.197232,31.755,64.168,,762,,755.3181,10.987,3.9791,35.424,157.91,0.383,-9.99,,,-9.99,,,,
10030001,1991.197232,31.755,64.168,,764,,757.2969,10.946,3.9738,35.41,157.1,0.383,-9.99,,,-9.99,,,,
10030001,1991.197232,31.755,64.168,,766,,759.2757,10.918,3.9706,35.404,156.5,0.383,-9.99,,,-9.99,,,,
10030001,1991.197232,31.755,64.168,,768,,761.2545,10.871,3.9658,35.4,155.98,0.384,-9.99,,,-9.99,,,,
10030001,1991.197232,31.755,64.168,,770,,763.2333,10.797,3.9581,35.393,155.45,0.384,-9.99,,,-9.99,,,,
10030001,1991.197232,31.755,64.168,,772,,765.2121,10.752,3.9534,35.389,155.07,0.383,-9.99,,,-9.99,,,,
10030001,1991.197232,31.755,64.168,,774,,767.1908,10.723,3.9501,35.383,154.71,0.383,-9.99,,,-9.99,,,,
10030001,1991.197232,31.755,64.168,,776,,769.1695,10.716,3.9491,35.379,154.62,0.383,-9.99,,,-9.99,,,,
10030001,1991.197232,31.755,64.168,,778,,771.1482,10.689,3.9465,35.378,154.75,0.383,-9.99,,,-9.99,,,,
10030001,1991.197232,31.755,64.168,,780,,773.1269,10.68,3.9457,35.377,154.92,0.383,-9.99,,,-9.99,,,,
10030001,1991.197232,31.755,64.168,,782,,775.1056,10.67,3.9447,35.376,155.25,0.383,-9.99,,,-9.99,,,,
10030001,1991.197232,31.755,64.168,,784,,777.0842,10.595,3.9373,35.373,155.45,0.383,-9.99,,,-9.99,,,,
10030001,1991.197232,31.755,64.168,,786,,779.0629,10.571,3.9348,35.37,155.8,0.383,-9.99,,,-9.99,,,,
10030001,1991.197232,31.755,64.168,,788,,781.0415,10.474,3.9251,35.365,156.18,0.383,-9.99,,,-9.99,,,,
10030001,1991.197232,31.755,64.168,,790,,783.0201,10.412,3.9189,35.362,156.5,0.383,-9.99,,,-9.99,,,,
10030001,1991.197232,31.755,64.168,,792,,784.9986,10.403,3.9181,35.362,156.94,0.383,-9.99,,,-9.99,,,,
10030001,1991.197232,31.755,64.168,,794,,786.9772,10.37,3.9142,35.353,157.63,0.383,-9.99,,,-9.99,,,,
10030001,1991.197232,31.755,64.168,,796,,788.9557,10.304,3.9075,35.348,158,0.383,-9.99,,,-9.99,,,,
10030001,1991.197232,31.755,64.168,,798,,790.9342,10.227,3.8996,35.342,158.47,0.383,-9.99,,,-9.99,,,,
10030001,1991.197232,31.755,64.168,,800,,792.9127,10.179,3.894,35.331,158.77,0.383,-9.99,,,-9.99,,,,
10030001,1991.197232,31.755,64.168,,802,,794.8912,10.143,3.8904,35.328,158.84,0.383,-9.99,,,-9.99,,,,
10030001,1991.197232,31.755,64.168,,804,,796.8697,10.122,3.8876,35.32,158.96,0.383,-9.99,,,-9.99,,,,
10030001,1991.197232,31.755,64.168,,806,,798.8481,10.071,3.8824,35.315,159.07,0.383,-9.99,,,-9.99,,,,
10030001,1991.197232,31.755,64.168,,808,,800.8265,10.06,3.8812,35.313,159.07,0.383,-9.99,,,-9.99,,,,
10030001,1991.197232,31.755,64.168,,810,,802.8049,10.012,3.8766,35.312,159.06,0.383,-9.99,,,-9.99,,,,
10030001,1991.197232,31.755,64.168,,812,,804.7833,,9.954,3.8706,35.306,158.89,0.384,-9.99,,,-9.99,,,
10030001,1991.197232,31.755,64.168,,814,,806.7617,,9.884,3.863,35.296,158.8,0.383,-9.99,,,-9.99,,,
10030001,1991.197232,31.755,64.168,,816,,808.74,,9.849,3.8597,35.295,158.78,0.384,-9.99,,,-9.99,,,
10030001,1991.197232,31.755,64.168,,818,,810.7183,,9.823,3.8572,35.294,158.66,0.383,-9.99,,,-9.99,,,
10030001,1991.197232,31.755,64.168,,820,,812.6966,,9.809,3.8554,35.288,158.54,0.383,-9.99,,,-9.99,,,
10030001,1991.197232,31.755,64.168,,822,,814.6749,,9.749,3.8495,35.285,158.29,0.384,-9.99,,,-9.99,,,
10030001,1991.197232,31.755,64.168,,824,,816.6532,,9.691,3.844,35.285,158.12,0.383,-9.99,,,-9.99,,,
10030001,1991.197232,31.755,64.168,,826,,818.6315,,9.666,3.8415,35.282,157.96,0.383,-9.99,,,-9.99,,,
10030001,1991.197232,31.755,64.168,,828,,820.6097,,9.638,3.8383,35.276,157.84,0.383,-9.99,,,-9.99,,,
10030001,1991.197232,31.755,64.168,,830,,822.5879,,9.606,3.8352,35.274,157.98,0.383,-9.99,,,-9.99,,,
10030001,1991.197232,31.755,64.168,,832,,824.5661,,9.543,3.829,35.271,158.22,0.383,-9.99,,,-9.99,,,
10030001,1991.197232,31.755,64.168,,834,,826.5443,,9.495,3.8239,35.265,158.39,0.383,-9.99,,,-9.99,,,
10030001,1991.197232,31.755,64.168,,836,,828.5224,,9.484,3.8229,35.264,158.54,0.383,-9.99,,,-9.99,,,
10030001,1991.197232,31.755,64.168,,838,,830.5006,,9.481,3.8222,35.259,158.8,0.383,-9.99,,,-9.99,,,
10030001,1991.197232,31.755,64.168,,840,,832.4787,,9.464,3.8207,35.259,158.93,0.383,-9.99,,,-9.99,,,
10030001,1991.197232,31.755,64.168,,842,,834.4568,,9.45,3.819,35.255,159.06,0.383,-9.99,,,-9.99,,,
10030001,1991.197232,31.755,64.168,,844,,836.4349,,9.447,3.8188,35.254,159.17,0.383,-9.99,,,-9.99,,,
10030001,1991.197232,31.755,64.168,,846,,838.4129,,9.447,3.8188,35.254,159.29,0.383,-9.99,,,-9.99,,,
10030001,1991.197232,31.755,64.168,,848,,840.391,,9.396,3.8139,35.252,159.5,0.383,-9.99,,,-9.99,,,
10030001,1991.197232,31.755,64.168,,850,,842.369,,9.34,3.8079,35.244,160.03,0.383,-9.99,,,-9.99,,,
10030001,1991.197232,31.755,64.168,,852,,844.347,,9.292,3.8029,35.238,160.3,0.383,-9.99,,,-9.99,,,
10030001,1991.197232,31.755,64.168,,854,,846.325,,9.232,3.7967,35.232,160.44,0.383,-9.99,,,-9.99,,,
10030001,1991.197232,31.755,64.168,,856,,848.303,,9.123,3.7863,35.23,160.45,0.385,-9.99,,,-9.99,,,
10030001,1991.197232,31.755,64.168,,858,,850.2809,,9.065,3.7792,35.212,160.37,0.384,-9.99,,,-9.99,,,
10030001,1991.197232,31.755,64.168,,860,,852.2589,,8.992,3.7717,35.205,160.15,0.383,-9.99,,,-9.99,,,
10030001,1991.197232,31.755,64.168,,862,,854.2368,,8.976,3.7702,35.204,160.12,0.384,-9.99,,,-9.99,,,
10030001,1991.197232,31.755,64.168,,864,,856.2147,,8.959,3.7685,35.202,160.15,0.384,-9.99,,,-9.99,,,
10030001,1991.197232,31.755,64.168,,866,,858.1925,,8.948,3.7675,35.201,160.25,0.384,-9.99,,,-9.99,,,
10030001,1991.197232,31.755,64.168,,868,,860.1704,,8.919,3.7645,35.198,160.21,0.384,-9.99,,,-9.99,,,
10030001,1991.197232,31.755,64.168,,870,,862.1482,,8.896,3.7622,35.195,160.37,0.383,-9.99,,,-9.99,,,
10030001,1991.197232,31.755,64.168,,872,,864.1261,,8.882,3.7606,35.192,160.56,0.384,-9.99,,,-9.99,,,
10030001,1991.197232,31.755,64.168,,874,,866.1039,,8.856,3.7581,35.19,160.91,0.385,-9.99,,,-9.99,,,
10030001,1991.197232,31.755,64.168,,876,,868.0816,,8.83,3.7557,35.19,161.22,0.384,-9.99,,,-9.99,,,
10030001,1991.197232,31.755,64.168,,878,,870.0594,,8.789,3.7519,35.189,161.57,0.384,-9.99,,,-9.99,,,
10030001,1991.197232,31.755,64.168,,880,,872.0371,,8.712,3.7445,35.187,161.84,0.384,-9.99,,,-9.99,,,
10030001,1991.197232,31.755,64.168,,882,,874.0149,,8.606,3.7341,35.181,162.33,0.384,-9.99,,,-9.99,,,
10030001,1991.197232,31.755,64.168,,884,,875.9926,,8.502,3.7232,35.168,162.78,0.384,-9.99,,,-9.99,,,
10030001,1991.197232,31.755,64.168,,886,,877.9703,,8.457,3.7187,35.165,162.94,0.383,-9.99,,,-9.99,,,
10030001,1991.197232,31.755,64.168,,888,,879.9479,,8.439,3.7171,35.164,163.11,0.384,-9.99,,,-9.99,,,
10030001,1991.197232,31.755,64.168,,890,,881.9256,,8.414,3.7148,35.164,163.37,0.384,-9.99,,,-9.99,,,
10030001,1991.197232,31.755,64.168,,892,,883.9032,,8.409,3.7143,35.163,163.8,0.384,-9.99,,,-9.99,,,
10030001,1991.197232,31.755,64.168,,894,,885.8808,,8.369,3.7103,35.159,164.37,0.384,-9.99,,,-9.99,,,
10030001,1991.197232,31.755,64.168,,896,,887.8584,,8.351,3.7085,35.157,165.07,0.383,-9.99,,,-9.99,,,
10030001,1991.197232,31.755,64.168,,898,,889.836,,8.296,3.7033,35.156,165.67,0.386,-9.99,,,-9.99,,,
10030001,1991.197232,31.755,64.168,,900,,891.8136,,8.276,3.7008,35.148,166.4,0.384,-9.99,,,-9.99,,,
10030001,1991.197232,31.755,64.168,,902,,893.7911,,8.237,3.6969,35.145,166.85,0.383,-9.99,,,-9.99,,,
10030001,1991.197232,31.755,64.168,,904,,895.7686,,8.204,3.694,35.146,167.11,0.384,-9.99,,,-9.99,,,
10030001,1991.197232,31.755,64.168,,906,,897.7461,,8.168,3.6907,35.145,167.6,0.384,-9.99,,,-9.99,,,
10030001,1991.197232,31.755,64.168,,908,,899.7236,,8.139,3.6877,35.141,168.13,0.384,-9.99,,,-9.99,,,
10030001,1991.197232,31.755,64.168,,910,,901.7011,,8.104,3.6842,35.138,168.62,0.384,-9.99,,,-9.99,,,
10030001,1991.197232,31.755,64.168,,912,,903.6785,,8.077,3.6817,35.137,169.25,0.384,-9.99,,,-9.99,,,
10030001,1991.197232,31.755,64.168,,914,,905.6559,,8.057,3.6797,35.135,170.09,0.383,-9.99,,,-9.99,,,
10030001,1991.197232,31.755,64.168,,916,,907.6333,,8.026,3.6769,35.135,170.46,0.383,-9.99,,,-9.99,,,
10030001,1991.197232,31.755,64.168,,918,,909.6107,,7.984,3.673,35.134,170.99,0.383,-9.99,,,-9.99,,,
10030001,1991.197232,31.755,64.168,,920,,911.5881,,7.913,3.6661,35.13,171.65,0.384,-9.99,,,-9.99,,,
10030001,1991.197232,31.755,64.168,,922,,913.5654,,7.866,3.6618,35.13,172.16,0.383,-9.99,,,-9.99,,,
10030001,1991.197232,31.755,64.168,,924,,915.5428,,7.848,3.66,35.128,172.63,0.383,-9.99,,,-9.99,,,
10030001,1991.197232,31.755,64.168,,926,,917.5201,,7.787,3.6545,35.129,173.09,0.385,-9.99,,,-9.99,,,
10030001,1991.197232,31.755,64.168,,928,,919.4974,,7.679,3.6442,35.125,173.52,0.383,-9.99,,,-9.99,,,
10030001,1991.197232,31.755,64.168,,930,,921.4746,,7.63,3.6392,35.12,174.03,0.383,-9.99,,,-9.99,,,
10030001,1991.197232,31.755,64.168,,932,,923.4519,,7.61,3.6375,35.12,174.53,0.383,-9.99,,,-9.99,,,
10030001,1991.197232,31.755,64.168,,934,,925.4291,,7.608,3.6369,35.115,175.32,0.383,-9.99,,,-9.99,,,
10030001,1991.197232,31.755,64.168,,936,,927.4064,,7.573,3.6334,35.112,176.2,0.383,-9.99,,,-9.99,,,
10030001,1991.197232,31.755,64.168,,938,,929.3836,,7.549,3.6313,35.112,176.81,0.383,-9.99,,,-9.99,,,
10030001,1991.197232,31.755,64.168,,940,,931.3607,,7.529,3.6295,35.112,177.37,0.384,-9.99,,,-9.99,,,
10030001,1991.197232,31.755,64.168,,942,,933.3379,,7.533,3.6299,35.111,178,0.383,-9.99,,,-9.99,,,
10030001,1991.197232,31.755,64.168,,944,,935.3151,,7.512,3.628,35.111,178.63,0.383,-9.99,,,-9.99,,,
10030001,1991.197232,31.755,64.168,,946,,937.2922,,7.483,3.6254,35.111,179.41,0.383,-9.99,,,-9.99,,,
10030001,1991.197232,31.755,64.168,,948,,939.2693,,7.425,3.6201,35.111,180.51,0.383,-9.99,,,-9.99,,,
10030001,1991.197232,31.755,64.168,,950,,941.2464,,7.397,3.6176,35.111,180.93,0.383,-9.99,,,-9.99,,,
10030001,1991.197232,31.755,64.168,,952,,943.2234,,7.384,3.6162,35.108,181.5,0.383,-9.99,,,-9.99,,,
10030001,1991.197232,31.755,64.168,,954,,945.2005,,7.332,3.6115,35.108,181.93,0.383,-9.99,,,-9.99,,,
10030001,1991.197232,31.755,64.168,,956,,947.1775,,7.307,3.6092,35.107,182.39,0.383,-9.99,,,-9.99,,,
10030001,1991.197232,31.755,64.168,,958,,949.1545,,7.296,3.608,35.105,183.14,0.383,-9.99,,,-9.99,,,
10030001,1991.197232,31.755,64.168,,960,,951.1315,,7.258,3.6045,35.104,183.75,0.383,-9.99,,,-9.99,,,
10030001,1991.197232,31.755,64.168,,962,,953.1085,,7.236,3.6024,35.102,184.32,0.383,-9.99,,,-9.99,,,
10030001,1991.197232,31.755,64.168,,964,,955.0855,,7.229,3.6016,35.1,185.07,0.383,-9.99,,,-9.99,,,
10030001,1991.197232,31.755,64.168,,966,,957.0624,,7.214,3.6003,35.1,185.86,0.383,-9.99,,,-9.99,,,
10030001,1991.197232,31.755,64.168,,968,,959.0393,,7.129,3.5927,35.102,186.44,0.383,-9.99,,,-9.99,,,
10030001,1991.197232,31.755,64.168,,970,,961.0162,,7.073,3.5876,35.101,187,0.383,-9.99,,,-9.99,,,
10030001,1991.197232,31.755,64.168,,972,,962.9931,,7.059,3.5861,35.098,187.64,0.383,-9.99,,,-9.99,,,
10030001,1991.197232,31.755,64.168,,974,,964.97,,7.03,3.5833,35.096,188.34,0.383,-9.99,,,-9.99,,,
10030001,1991.197232,31.755,64.168,,976,,966.9468,,6.999,3.5805,35.096,189.2,0.383,-9.99,,,-9.99,,,
10030001,1991.197232,31.755,64.168,,978,,968.9236,,6.973,3.5782,35.096,189.68,0.383,-9.99,,,-9.99,,,
10030001,1991.197232,31.755,64.168,,980,,970.9004,,6.932,3.5744,35.095,190.48,0.383,-9.99,,,-9.99,,,
10030001,1991.197232,31.755,64.168,,982,,972.8772,,6.904,3.5718,35.094,190.92,0.383,-9.99,,,-9.99,,,
10030001,1991.197232,31.755,64.168,,984,,974.854,,6.864,3.5682,35.094,191.68,0.383,-9.99,,,-9.99,,,
10030001,1991.197232,31.755,64.168,,986,,976.8307,,6.823,3.5642,35.091,192.53,0.383,-9.99,,,-9.99,,,
10030001,1991.197232,31.755,64.168,,988,,978.8075,,6.792,3.5614,35.09,193.15,0.383,-9.99,,,-9.99,,,
10030001,1991.197232,31.755,64.168,,990,,980.7842,,6.765,3.5589,35.089,193.69,0.383,-9.99,,,-9.99,,,
10030001,1991.197232,31.755,64.168,,992,,982.7609,,6.758,3.5582,35.088,194.44,0.383,-9.99,,,-9.99,,,
10030001,1991.197232,31.755,64.168,,994,,984.7376,,6.733,3.5557,35.085,195.23,0.383,-9.99,,,-9.99,,,
10030001,1991.197232,31.755,64.168,,996,,986.7142,,6.711,3.5537,35.084,195.72,0.383,-9.99,,,-9.99,,,
10030001,1991.197232,31.755,64.168,,998,,988.6909,,6.658,3.5489,35.084,196,0.383,-9.99,,,-9.99,,,
10030001,1991.197232,31.755,64.168,1000,,990.6675,,6.652,3.5482,35.081,196.48,0.383,-9.99,,,-9.99,,,,
10030001,1991.197232,31.755,64.168,1002,,992.6441,,6.634,3.5466,35.081,196.92,0.383,-9.99,,,-9.99,,,,
10030001,1991.197232,31.755,64.168,1004,,994.6207,,6.612,3.5445,35.079,197.43,0.383,-9.99,,,-9.99,,,,
10030001,1991.197232,31.755,64.168,1006,,996.5972,,6.595,3.5429,35.078,198.02,0.383,-9.99,,,-9.99,,,,
10030001,1991.197232,31.755,64.168,1008,,998.5738,,6.588,3.5423,35.077,198.3,0.383,-9.99,,,-9.99,,,,
10030001,1991.197232,31.755,64.168,1010,1000.5503,,6.551,3.5391,35.079,198.58,0.383,-9.99,,,-9.99,,,,,
10030001,1991.197232,31.755,64.168,1012,1002.5268,,6.505,3.5351,35.08,198.96,0.382,-9.99,,,-9.99,,,,,
10030001,1991.197232,31.755,64.168,1014,1004.5033,,6.47,3.532,35.08,199.35,0.383,-9.99,,,-9.99,,,,,
10030001,1991.197232,31.755,64.168,1016,1006.4798,,6.462,3.5313,35.08,199.88,0.383,-9.99,,,-9.99,,,,,
10030001,1991.197232,31.755,64.168,1018,1008.4562,,6.429,3.5284,35.08,200.27,0.383,-9.99,,,-9.99,,,,,
10030001,1991.197232,31.755,64.168,1020,1010.4326,,6.406,3.5263,35.08,200.75,0.383,-9.99,,,-9.99,,,,,
10030001,1991.197232,31.755,64.168,1022,1012.4091,,6.402,3.5259,35.078,201.16,0.383,-9.99,,,-9.99,,,,,
10030001,1991.197232,31.755,64.168,1024,1014.3855,,6.401,3.5257,35.076,201.82,0.382,-9.99,,,-9.99,,,,,
10030001,1991.197232,31.755,64.168,1026,1016.3618,,6.397,3.5254,35.076,202.38,0.383,-9.99,,,-9.99,,,,,
10030001,1991.197232,31.755,64.168,1028,1018.3382,,6.356,3.5221,35.08,202.85,0.383,-9.99,,,-9.99,,,,,
10030001,1991.197232,31.755,64.168,1030,1020.3145,,6.333,3.5201,35.08,203.4,0.383,-9.99,,,-9.99,,,,,
10030001,1991.197232,31.755,64.168,1032,1022.2909,,6.329,3.5197,35.079,203.99,0.383,-9.99,,,-9.99,,,,,
10030001,1991.197232,31.755,64.168,1034,1024.2672,,6.295,3.5167,35.08,204.27,0.382,-9.99,,,-9.99,,,,,
10030001,1991.197232,31.755,64.168,1036,1026.2434,,6.273,3.5149,35.081,204.89,0.383,-9.99,,,-9.99,,,,,
10030001,1991.197232,31.755,64.168,1038,1028.2197,,6.247,3.5124,35.079,205.51,0.383,-9.99,,,-9.99,,,,,
10030001,1991.197232,31.755,64.168,1040,1030.1959,,6.243,3.512,35.077,205.92,0.382,-9.99,,,-9.99,,,,,
10030001,1991.197232,31.755,64.168,1042,1032.1722,,6.234,3.5113,35.078,206.39,0.382,-9.99,,,-9.99,,,,,
10030001,1991.197232,31.755,64.168,1044,1034.1484,,6.205,3.5088,35.079,207.21,0.383,-9.99,,,-9.99,,,,,
10030001,1991.197232,31.755,64.168,1046,1036.1246,,6.173,3.5059,35.078,207.86,0.383,-9.99,,,-9.99,,,,,
10030001,1991.197232,31.755,64.168,1048,1038.1007,,6.147,3.5035,35.077,208.33,0.383,-9.99,,,-9.99,,,,,
10030001,1991.197232,31.755,64.168,1050,1040.0769,,6.143,3.5031,35.076,208.99,0.382,-9.99,,,-9.99,,,,,
10030001,1991.197232,31.755,64.168,1052,1042.053,,6.105,3.4997,35.076,209.36,0.383,-9.99,,,-9.99,,,,,
10030001,1991.197232,31.755,64.168,1054,1044.0291,,6.091,3.4985,35.076,209.91,0.382,-9.99,,,-9.99,,,,,
10030001,1991.197232,31.755,64.168,1056,1046.0052,,6.07,3.4966,35.075,210.47,0.383,-9.99,,,-9.99,,,,,
10030001,1991.197232,31.755,64.168,1058,1047.9813,,6.055,3.4953,35.075,211.05,0.382,-9.99,,,-9.99,,,,,
10030001,1991.197232,31.755,64.168,1060,1049.9574,,6.052,3.495,35.073,211.7,0.381,-9.99,,,-9.99,,,,,
10030001,1991.197232,31.755,64.168,1062,1051.9334,,6.046,3.4945,35.073,212.24,0.382,-9.99,,,-9.99,,,,,
10030001,1991.197232,31.755,64.168,1064,1053.9094,,6.023,3.4925,35.073,212.87,0.382,-9.99,,,-9.99,,,,,
10030001,1991.197232,31.755,64.168,1066,1055.8854,,5.995,3.4901,35.074,213.31,0.382,-9.99,,,-9.99,,,,,
10030001,1991.197232,31.755,64.168,1068,1057.8614,,5.971,3.488,35.074,213.56,0.382,-9.99,,,-9.99,,,,,
10030001,1991.197232,31.755,64.168,1070,1059.8374,,5.963,3.4872,35.073,213.88,0.382,-9.99,,,-9.99,,,,,
10030001,1991.197232,31.755,64.168,1072,1061.8133,,5.932,3.4845,35.073,214.26,0.382,-9.99,,,-9.99,,,,,
10030001,1991.197232,31.755,64.168,1074,1063.7893,,5.921,3.4836,35.073,214.68,0.383,-9.99,,,-9.99,,,,,
10030001,1991.197232,31.755,64.168,1076,1065.7652,,5.894,3.4812,35.073,215.1,0.382,-9.99,,,-9.99,,,,,
10030001,1991.197232,31.755,64.168,1078,1067.7411,,5.878,3.4797,35.072,215.47,0.381,-9.99,,,-9.99,,,,,
10030001,1991.197232,31.755,64.168,1080,1069.7169,,5.853,3.4774,35.07,216,0.382,-9.99,,,-9.99,,,,,
10030001,1991.197232,31.755,64.168,1082,1071.6928,,5.823,3.4745,35.068,216.67,0.382,-9.99,,,-9.99,,,,,
10030001,1991.197232,31.755,64.168,1084,1073.6686,,5.81,3.4734,35.068,217.39,0.381,-9.99,,,-9.99,,,,,
10030001,1991.197232,31.755,64.168,1086,1075.6444,,5.799,3.4722,35.065,218.24,0.381,-9.99,,,-9.99,,,,,
10030001,1991.197232,31.755,64.168,1088,1077.6202,,5.782,3.4708,35.065,218.73,0.382,-9.99,,,-9.99,,,,,
10030001,1991.197232,31.755,64.168,1090,1079.596,,5.756,3.4685,35.065,219.16,0.381,-9.99,,,-9.99,,,,,
10030001,1991.197232,31.755,64.168,1092,1081.5718,,5.748,3.4678,35.065,219.46,0.382,-9.99,,,-9.99,,,,,
10030001,1991.197232,31.755,64.168,1094,1083.5475,,5.745,3.4676,35.064,219.71,0.382,-9.99,,,-9.99,,,,,
10030001,1991.197232,31.755,64.168,1096,1085.5233,,5.739,3.4671,35.064,220.05,0.381,-9.99,,,-9.99,,,,,
10030001,1991.197232,31.755,64.168,1098,1087.499,,5.713,3.4648,35.064,220.48,0.381,-9.99,,,-9.99,,,,,
10030001,1991.197232,31.755,64.168,1100,1089.4746,,5.695,3.4633,35.064,220.79,0.381,-9.99,,,-9.99,,,,,
10030001,1991.197232,31.755,64.168,1102,1091.4503,,5.695,3.4633,35.063,221.17,0.381,-9.99,,,-9.99,,,,,
10030001,1991.197232,31.755,64.168,1104,1093.426,,5.687,3.4626,35.063,221.71,0.382,-9.99,,,-9.99,,,,,
10030001,1991.197232,31.755,64.168,1106,1095.4016,,5.677,3.4618,35.063,222.23,0.381,-9.99,,,-9.99,,,,,
10030001,1991.197232,31.755,64.168,1108,1097.3772,,5.666,3.4609,35.063,223.08,0.381,-9.99,,,-9.99,,,,,
10030001,1991.197232,31.755,64.168,1110,1099.3528,,5.656,3.46,35.063,223.65,0.381,-9.99,,,-9.99,,,,,
10030001,1991.197232,31.755,64.168,1112,1101.3284,,5.639,3.4586,35.063,224.02,0.381,-9.99,,,-9.99,,,,,
10030001,1991.197232,31.755,64.168,1114,1103.3039,,5.631,3.4578,35.062,224.38,0.381,-9.99,,,-9.99,,,,,
10030001,1991.197232,31.755,64.168,1116,1105.2795,,5.627,3.4576,35.062,224.65,0.381,-9.99,,,-9.99,,,,,
10030001,1991.197232,31.755,64.168,1118,1107.255,,5.591,3.4545,35.063,224.93,0.381,-9.99,,,-9.99,,,,,
10030001,1991.197232,31.755,64.168,1120,1109.2305,,5.557,3.4514,35.062,225.26,0.381,-9.99,,,-9.99,,,,,
10030001,1991.197232,31.755,64.168,1122,1111.206,,5.547,3.4504,35.06,225.71,0.381,-9.99,,,-9.99,,,,,
10030001,1991.197232,31.755,64.168,1124,1113.1814,,5.537,3.4494,35.059,226.06,0.381,-9.99,,,-9.99,,,,,
10030001,1991.197232,31.755,64.168,1126,1115.1569,,5.53,3.4488,35.058,226.28,0.381,-9.99,,,-9.99,,,,,
10030001,1991.197232,31.755,64.168,1128,1117.1323,,5.513,3.4474,35.059,226.71,0.381,-9.99,,,-9.99,,,,,
10030001,1991.197232,31.755,64.168,1130,1119.1077,,5.505,3.4466,35.057,227.08,0.381,-9.99,,,-9.99,,,,,
10030001,1991.197232,31.755,64.168,1132,1121.0831,,5.492,3.4454,35.056,227.44,0.381,-9.99,,,-9.99,,,,,
10030001,1991.197232,31.755,64.168,1134,1123.0584,,5.477,3.4441,35.056,227.74,0.381,-9.99,,,-9.99,,,,,
10030001,1991.197232,31.755,64.168,1136,1125.0338,,5.473,3.4438,35.055,228.03,0.381,-9.99,,,-9.99,,,,,
10030001,1991.197232,31.755,64.168,1138,1127.0091,,5.47,3.4436,35.055,228.36,0.381,-9.99,,,-9.99,,,,,
10030001,1991.197232,31.755,64.168,1140,1128.9844,,5.452,3.442,35.055,228.66,0.38,-9.99,,,-9.99,,,,,
10030001,1991.197232,31.755,64.168,1142,1130.9597,,5.448,3.4418,35.055,229.05,0.381,-9.99,,,-9.99,,,,,
10030001,1991.197232,31.755,64.168,1144,1132.935,,5.434,3.4406,35.055,229.36,0.38,-9.99,,,-9.99,,,,,
10030001,1991.197232,31.755,64.168,1146,1134.9103,,5.417,3.439,35.054,229.74,0.381,-9.99,,,-9.99,,,,,
10030001,1991.197232,31.755,64.168,1148,1136.8855,,5.408,3.4382,35.053,230.01,0.381,-9.99,,,-9.99,,,,,
10030001,1991.197232,31.755,64.168,1150,1138.8607,,5.403,3.4378,35.053,230.27,0.381,-9.99,,,-9.99,,,,,
10030001,1991.197232,31.755,64.168,1152,1140.8359,,5.386,3.4365,35.054,230.51,0.381,-9.99,,,-9.99,,,,,
10030001,1991.197232,31.755,64.168,1154,1142.8111,,5.373,3.4354,35.054,230.82,0.381,-9.99,,,-9.99,,,,,
10030001,1991.197232,31.755,64.168,1156,1144.7863,,5.362,3.4344,35.053,231.3,0.381,-9.99,,,-9.99,,,,,
10030001,1991.197232,31.755,64.168,1158,1146.7614,,5.353,3.4335,35.051,231.65,0.381,-9.99,,,-9.99,,,,,
10030001,1991.197232,31.755,64.168,1160,1148.7366,,5.347,3.4329,35.05,231.88,0.381,-9.99,,,-9.99,,,,,
10030001,1991.197232,31.755,64.168,1162,1150.7117,,5.348,3.4331,35.05,232.15,0.381,-9.99,,,-9.99,,,,,
10030001,1991.197232,31.755,64.168,1164,1152.6868,,5.342,3.4325,35.049,232.38,0.381,-9.99,,,-9.99,,,,,
10030001,1991.197232,31.755,64.168,1166,1154.6618,,5.33,3.4315,35.049,232.68,0.381,-9.99,,,-9.99,,,,,
10030001,1991.197232,31.755,64.168,1168,1156.6369,,5.308,3.4296,35.049,233.12,0.381,-9.99,,,-9.99,,,,,
10030001,1991.197232,31.755,64.168,1170,1158.6119,,5.296,3.4285,35.048,233.38,0.381,-9.99,,,-9.99,,,,,
10030001,1991.197232,31.755,64.168,1172,1160.5869,,5.287,3.4278,35.048,233.66,0.381,-9.99,,,-9.99,,,,,
10030001,1991.197232,31.755,64.168,1174,1162.5619,,5.279,3.4271,35.048,234.07,0.38,-9.99,,,-9.99,,,,,
10030001,1991.197232,31.755,64.168,1176,1164.5369,,5.272,3.4265,35.047,234.31,0.381,-9.99,,,-9.99,,,,,
10030001,1991.197232,31.755,64.168,1178,1166.5119,,5.27,3.4264,35.047,234.6,0.381,-9.99,,,-9.99,,,,,
10030001,1991.197232,31.755,64.168,1180,1168.4868,,5.269,3.4265,35.048,234.91,0.381,-9.99,,,-9.99,,,,,
10030001,1991.197232,31.755,64.168,1182,1170.4617,,5.269,3.4267,35.049,235.14,0.38,-9.99,,,-9.99,,,,,
10030001,1991.197232,31.755,64.168,1184,1172.4366,,5.271,3.427,35.05,235.38,0.381,-9.99,,,-9.99,,,,,
10030001,1991.197232,31.755,64.168,1186,1174.4115,,5.27,3.4271,35.051,235.62,0.381,-9.99,,,-9.99,,,,,
10030001,1991.197232,31.755,64.168,1188,1176.3864,,5.266,3.4269,35.052,236.03,0.38,-9.99,,,-9.99,,,,,
10030001,1991.197232,31.755,64.168,1190,1178.3612,,5.264,3.4267,35.051,236.34,0.38,-9.99,,,-9.99,,,,,
10030001,1991.197232,31.755,64.168,1192,1180.3361,,5.26,3.4265,35.051,236.53,0.381,-9.99,,,-9.99,,,,,
10030001,1991.197232,31.755,64.168,1194,1182.3109,,5.258,3.4264,35.051,236.87,0.379,-9.99,,,-9.99,,,,,
10030001,1991.197232,31.755,64.168,1196,1184.2857,,5.251,3.4258,35.051,237.11,0.38,-9.99,,,-9.99,,,,,
10030001,1991.197232,31.755,64.168,1198,1186.2604,,5.243,3.4253,35.053,237.35,0.379,-9.99,,,-9.99,,,,,
10030001,1991.197232,31.755,64.168,1200,1188.2352,,5.203,3.4217,35.052,237.5,0.38,-9.99,,,-9.99,,,,,
10030001,1991.197232,31.755,64.168,1202,1190.2099,,5.172,3.4187,35.049,237.6,0.38,-9.99,,,-9.99,,,,,
10030001,1991.197232,31.755,64.168,1204,1192.1846,,5.167,3.4183,35.049,237.64,0.382,-9.99,,,-9.99,,,,,
10030001,1991.197232,31.755,64.168,1206,1194.1593,,5.171,3.4186,35.047,237.72,0.38,-9.99,,,-9.99,,,,,
10030001,1991.197232,31.755,64.168,1208,1196.134,,5.164,3.4181,35.047,237.77,0.38,-9.99,,,-9.99,,,,,
10030001,1991.197232,31.755,64.168,1210,1198.1087,,5.158,3.4175,35.046,237.98,0.381,-9.99,,,-9.99,,,,,
10030001,1991.197232,31.755,64.168,1212,1200.0833,,5.133,3.4153,35.046,238.22,0.381,-9.99,,,-9.99,,,,,
10030001,1991.197232,31.755,64.168,1214,1202.058,,5.114,3.4136,35.045,238.49,0.379,-9.99,,,-9.99,,,,,
10030001,1991.197232,31.755,64.168,1216,1204.0326,,5.097,3.4119,35.042,238.82,0.38,-9.99,,,-9.99,,,,,
10030001,1991.197232,31.755,64.168,1218,1206.0071,,5.078,3.4102,35.041,239.04,0.38,-9.99,,,-9.99,,,,,
10030001,1991.197232,31.755,64.168,1220,1207.9817,,5.047,3.4074,35.04,239.28,0.38,-9.99,,,-9.99,,,,,
10030001,1991.197232,31.755,64.168,1222,1209.9563,,5.039,3.4066,35.039,239.58,0.379,-9.99,,,-9.99,,,,,
10030001,1991.197232,31.755,64.168,1224,1211.9308,,5.039,3.4066,35.038,239.8,0.38,-9.99,,,-9.99,,,,,
10030001,1991.197232,31.755,64.168,1226,1213.9053,,5.027,3.4056,35.038,240.05,0.38,-9.99,,,-9.99,,,,,
10030001,1991.197232,31.755,64.168,1228,1215.8798,,5.019,3.4048,35.036,240.37,0.379,-9.99,,,-9.99,,,,,
10030001,1991.197232,31.755,64.168,1230,1217.8543,,5.001,3.4033,35.036,240.56,0.379,-9.99,,,-9.99,,,,,
10030001,1991.197232,31.755,64.168,1232,1219.8287,,5,3.4032,35.035,240.88,0.379,-9.99,,,-9.99,,,,,
10030001,1991.197232,31.755,64.168,1234,1221.8032,,4.986,3.4018,35.033,241.39,0.379,-9.99,,,-9.99,,,,,
10030001,1991.197232,31.755,64.168,1236,1223.7776,,4.966,3.3999,35.031,241.72,0.379,-9.99,,,-9.99,,,,,
10030001,1991.197232,31.755,64.168,1238,1225.752,,4.946,3.3982,35.031,242.02,0.38,-9.99,,,-9.99,,,,,
10030001,1991.197232,31.755,64.168,1240,1227.7264,,4.946,3.3982,35.03,242.44,0.38,-9.99,,,-9.99,,,,,
10030001,1991.197232,31.755,64.168,1242,1229.7007,,4.938,3.3974,35.028,242.86,0.38,-9.99,,,-9.99,,,,,
10030001,1991.197232,31.755,64.168,1244,1231.6751,,4.93,3.3967,35.027,243.24,0.38,-9.99,,,-9.99,,,,,
10030001,1991.197232,31.755,64.168,1246,1233.6494,,4.924,3.3962,35.027,243.55,0.379,-9.99,,,-9.99,,,,,
10030001,1991.197232,31.755,64.168,1248,1235.6237,,4.922,3.3961,35.027,243.89,0.379,-9.99,,,-9.99,,,,,
10030001,1991.197232,31.755,64.168,1250,1237.598,,4.903,3.3944,35.026,244.2,0.38,-9.99,,,-9.99,,,,,
10030001,1991.197232,31.755,64.168,1252,1239.5723,,4.894,3.3937,35.026,244.39,0.379,-9.99,,,-9.99,,,,,
10030001,1991.197232,31.755,64.168,1254,1241.5465,,4.894,3.3937,35.026,244.57,0.379,-9.99,,,-9.99,,,,,
10030001,1991.197232,31.755,64.168,1256,1243.5208,,4.892,3.3936,35.025,244.8,0.38,-9.99,,,-9.99,,,,,
10030001,1991.197232,31.755,64.168,1258,1245.495,,4.891,3.3935,35.025,245.07,0.38,-9.99,,,-9.99,,,,,
10030001,1991.197232,31.755,64.168,1260,1247.4692,,4.889,3.3935,35.025,245.24,0.379,-9.99,,,-9.99,,,,,
10030001,1991.197232,31.755,64.168,1262,1249.4434,,4.888,3.3934,35.025,245.44,0.379,-9.99,,,-9.99,,,,,
10030001,1991.197232,31.755,64.168,1264,1251.4175,,4.88,3.3929,35.026,245.43,0.379,-9.99,,,-9.99,,,,,
10030001,1991.197232,31.755,64.168,1266,1253.3917,,4.858,3.3909,35.025,245.43,0.379,-9.99,,,-9.99,,,,,
10030001,1991.197232,31.755,64.168,1268,1255.3658,,4.849,3.3901,35.024,245.43,0.379,-9.99,,,-9.99,,,,,
10030001,1991.197232,31.755,64.168,1270,1257.3399,,4.843,3.3897,35.025,245.42,0.379,-9.99,,,-9.99,,,,,
10030001,1991.197232,31.755,64.168,1272,1259.314,,4.837,3.3893,35.025,245.66,0.379,-9.99,,,-9.99,,,,,
10030001,1991.197232,31.755,64.168,1274,1261.2881,,4.836,3.3893,35.025,245.91,0.379,-9.99,,,-9.99,,,,,
10030001,1991.197232,31.755,64.168,1276,1263.2621,,4.835,3.3892,35.024,246.12,0.379,-9.99,,,-9.99,,,,,
10030001,1991.197232,31.755,64.168,1278,1265.2361,,4.833,3.3892,35.025,246.48,0.379,-9.99,,,-9.99,,,,,
10030001,1991.197232,31.755,64.168,1280,1267.2102,,4.824,3.3885,35.026,246.85,0.379,-9.99,,,-9.99,,,,,
10030001,1991.197232,31.755,64.168,1282,1269.1841,,4.814,3.3876,35.025,247.06,0.379,-9.99,,,-9.99,,,,,
10030001,1991.197232,31.755,64.168,1284,1271.1581,,4.81,3.3872,35.024,247.27,0.379,-9.99,,,-9.99,,,,,
10030001,1991.197232,31.755,64.168,1286,1273.1321,,4.808,3.3871,35.024,247.46,0.379,-9.99,,,-9.99,,,,,
10030001,1991.197232,31.755,64.168,1288,1275.106,,4.805,3.387,35.024,247.48,0.379,-9.99,,,-9.99,,,,,
10030001,1991.197232,31.755,64.168,1290,1277.0799,,4.804,3.3869,35.023,247.67,0.379,-9.99,,,-9.99,,,,,
10030001,1991.197232,31.755,64.168,1292,1279.0538,,4.794,3.386,35.023,247.85,0.379,-9.99,,,-9.99,,,,,
10030001,1991.197232,31.755,64.168,1294,1281.0277,,4.784,3.3853,35.024,248,0.379,-9.99,,,-9.99,,,,,
10030001,1991.197232,31.755,64.168,1296,1283.0016,,4.783,3.3854,35.025,248.2,0.379,-9.99,,,-9.99,,,,,
10030001,1991.197232,31.755,64.168,1298,1284.9754,,4.784,3.3856,35.025,248.48,0.379,-9.99,,,-9.99,,,,,
10030001,1991.197232,31.755,64.168,1300,1286.9493,,4.786,3.3859,35.026,248.64,0.379,-9.99,,,-9.99,,,,,
10030001,1991.197232,31.755,64.168,1302,1288.9231,,4.788,3.3863,35.027,248.86,0.378,-9.99,,,-9.99,,,,,
10030001,1991.197232,31.755,64.168,1304,1290.8969,,4.79,3.3866,35.028,249.13,0.378,-9.99,,,-9.99,,,,,
10030001,1991.197232,31.755,64.168,1306,1292.8706,,4.784,3.3862,35.028,249.27,0.379,-9.99,,,-9.99,,,,,
10030001,1991.197232,31.755,64.168,1308,1294.8444,,4.781,3.3861,35.029,249.48,0.379,-9.99,,,-9.99,,,,,
10030001,1991.197232,31.755,64.168,1310,1296.8181,,4.775,3.3857,35.03,249.68,0.379,-9.99,,,-9.99,,,,,
10030001,1991.197232,31.755,64.168,1312,1298.7918,,4.768,3.3851,35.029,249.93,0.378,-9.99,,,-9.99,,,,,
10030001,1991.197232,31.755,64.168,1314,1300.7655,,4.763,3.3847,35.029,250.13,0.379,-9.99,,,-9.99,,,,,
10030001,1991.197232,31.755,64.168,1316,1302.7392,,4.745,3.3832,35.029,250.33,0.379,-9.99,,,-9.99,,,,,
10030001,1991.197232,31.755,64.168,1318,1304.7129,,4.737,3.3823,35.027,250.53,0.379,-9.99,,,-9.99,,,,,
10030001,1991.197232,31.755,64.168,1320,1306.6865,,4.733,3.3822,35.028,250.7,0.379,-9.99,,,-9.99,,,,,
10030001,1991.197232,31.755,64.168,1322,1308.6601,,4.727,3.3817,35.028,250.91,0.378,-9.99,,,-9.99,,,,,
10030001,1991.197232,31.755,64.168,1324,1310.6337,,4.723,3.3814,35.028,251.07,0.378,-9.99,,,-9.99,,,,,
10030001,1991.197232,31.755,64.168,1326,1312.6073,,4.715,3.3807,35.027,251.24,0.379,-9.99,,,-9.99,,,,,
10030001,1991.197232,31.755,64.168,1328,1314.5809,,4.698,3.3792,35.026,251.37,0.379,-9.99,,,-9.99,,,,,
10030001,1991.197232,31.755,64.168,1330,1316.5544,,4.693,3.3788,35.026,251.58,0.379,-9.99,,,-9.99,,,,,
10030001,1991.197232,31.755,64.168,1332,1318.528,,4.689,3.3785,35.026,251.75,0.378,-9.99,,,-9.99,,,,,
10030001,1991.197232,31.755,64.168,1334,1320.5015,,4.672,3.3771,35.026,251.95,0.378,-9.99,,,-9.99,,,,,
10030001,1991.197232,31.755,64.168,1336,1322.475,,4.665,3.3763,35.024,252.19,0.378,-9.99,,,-9.99,,,,,
10030001,1991.197232,31.755,64.168,1338,1324.4484,,4.664,3.3763,35.023,252.44,0.378,-9.99,,,-9.99,,,,,
10030001,1991.197232,31.755,64.168,1340,1326.4219,,4.661,3.3761,35.023,252.54,0.378,-9.99,,,-9.99,,,,,
10030001,1991.197232,31.755,64.168,1342,1328.3953,,4.657,3.3758,35.023,252.67,0.378,-9.99,,,-9.99,,,,,
10030001,1991.197232,31.755,64.168,1344,1330.3688,,4.653,3.3755,35.023,252.82,0.378,-9.99,,,-9.99,,,,,
10030001,1991.197232,31.755,64.168,1346,1332.3422,,4.648,3.3752,35.023,253,0.378,-9.99,,,-9.99,,,,,
10030001,1991.197232,31.755,64.168,1348,1334.3155,,4.637,3.3742,35.023,253.15,0.378,-9.99,,,-9.99,,,,,
10030001,1991.197232,31.755,64.168,1350,1336.2889,,4.633,3.3739,35.022,253.34,0.378,-9.99,,,-9.99,,,,,
10030001,1991.197232,31.755,64.168,1352,1338.2623,,4.623,3.373,35.021,253.51,0.378,-9.99,,,-9.99,,,,,
10030001,1991.197232,31.755,64.168,1354,1340.2356,,4.62,3.3728,35.021,253.68,0.377,-9.99,,,-9.99,,,,,
10030001,1991.197232,31.755,64.168,1356,1342.2089,,4.617,3.3725,35.02,253.88,0.378,-9.99,,,-9.99,,,,,
10030001,1991.197232,31.755,64.168,1358,1344.1822,,4.616,3.3725,35.02,254.07,0.378,-9.99,,,-9.99,,,,,
10030001,1991.197232,31.755,64.168,1360,1346.1555,,4.611,3.3721,35.02,254.21,0.377,-9.99,,,-9.99,,,,,
10030001,1991.197232,31.755,64.168,1362,1348.1287,,4.609,3.372,35.02,254.38,0.377,-9.99,,,-9.99,,,,,
10030001,1991.197232,31.755,64.168,1364,1350.1019,,4.605,3.3717,35.019,254.6,0.378,-9.99,,,-9.99,,,,,
10030001,1991.197232,31.755,64.168,1366,1352.0752,,4.602,3.3715,35.019,254.65,0.378,-9.99,,,-9.99,,,,,
10030001,1991.197232,31.755,64.168,1368,1354.0484,,4.599,3.3712,35.018,254.6,0.378,-9.99,,,-9.99,,,,,
10030001,1991.197232,31.755,64.168,1370,1356.0215,,4.593,3.3708,35.018,254.54,0.377,-9.99,,,-9.99,,,,,
10030001,1991.197232,31.755,64.168,1372,1357.9947,,4.58,3.3697,35.018,254.51,0.378,-9.99,,,-9.99,,,,,
10030001,1991.197232,31.755,64.168,1374,1359.9678,,4.575,3.3692,35.017,254.47,0.378,-9.99,,,-9.99,,,,,
10030001,1991.197232,31.755,64.168,1376,1361.941,,4.562,3.3681,35.016,254.55,0.378,-9.99,,,-9.99,,,,,
10030001,1991.197232,31.755,64.168,1378,1363.9141,,4.544,3.3664,35.015,254.73,0.378,-9.99,,,-9.99,,,,,
10030001,1991.197232,31.755,64.168,1380,1365.8871,,4.538,3.3659,35.014,254.98,0.378,-9.99,,,-9.99,,,,,
10030001,1991.197232,31.755,64.168,1382,1367.8602,,4.538,3.3658,35.012,255.13,0.378,-9.99,,,-9.99,,,,,
10030001,1991.197232,31.755,64.168,1384,1369.8333,,4.529,3.3651,35.012,255.25,0.377,-9.99,,,-9.99,,,,,
10030001,1991.197232,31.755,64.168,1386,1371.8063,,4.522,3.3644,35.011,255.39,0.378,-9.99,,,-9.99,,,,,
10030001,1991.197232,31.755,64.168,1388,1373.7793,,4.499,3.3625,35.011,255.51,0.379,-9.99,,,-9.99,,,,,
10030001,1991.197232,31.755,64.168,1390,1375.7523,,4.486,3.3613,35.01,255.66,0.377,-9.99,,,-9.99,,,,,
10030001,1991.197232,31.755,64.168,1392,1377.7253,,4.448,3.3578,35.008,255.63,0.378,-9.99,,,-9.99,,,,,
10030001,1991.197232,31.755,64.168,1394,1379.6982,,4.406,3.3539,35.006,255.63,0.379,-9.99,,,-9.99,,,,,
10030001,1991.197232,31.755,64.168,1396,1381.6712,,4.385,3.3519,35.004,255.82,0.379,-9.99,,,-9.99,,,,,
10030001,1991.197232,31.755,64.168,1398,1383.6441,,4.376,3.3508,34.999,255.99,0.379,-9.99,,,-9.99,,,,,
10030001,1991.197232,31.755,64.168,1400,1385.617,,4.37,3.3502,34.998,256.16,0.379,-9.99,,,-9.99,,,,,
10030001,1991.197232,31.755,64.168,1402,1387.5899,,4.364,3.3496,34.996,256.55,0.379,-9.99,,,-9.99,,,,,
10030001,1991.197232,31.755,64.168,1404,1389.5627,,4.363,3.3495,34.995,256.86,0.378,-9.99,,,-9.99,,,,,
10030001,1991.197232,31.755,64.168,1406,1391.5356,,4.361,3.3494,34.995,256.92,0.378,-9.99,,,-9.99,,,,,
10030001,1991.197232,31.755,64.168,1408,1393.5084,,4.36,3.3494,34.995,257.03,0.379,-9.99,,,-9.99,,,,,
10030001,1991.197232,31.755,64.168,1410,1395.4812,,4.359,3.3494,34.995,257.26,0.378,-9.99,,,-9.99,,,,,
10030001,1991.197232,31.755,64.168,1412,1397.454,,4.357,3.3493,34.995,257.45,0.379,-9.99,,,-9.99,,,,,
10030001,1991.197232,31.755,64.168,1414,1399.4268,,4.356,3.3492,34.994,257.6,0.379,-9.99,,,-9.99,,,,,
10030001,1991.197232,31.755,64.168,1416,1401.3995,,4.356,3.3493,34.994,257.64,0.379,-9.99,,,-9.99,,,,,
10030001,1991.197232,31.755,64.168,1418,1403.3723,,4.356,3.3495,34.995,257.9,0.379,-9.99,,,-9.99,,,,,
10030002,1991.198649,31.807,64.241,,,,6,,,,5.9582,20.323,5.0372,36.735,,-9.99,0.516,0.065,,251.45
10030002,1991.198649,31.807,64.241,,,,8,,,,7.9442,20.324,5.0374,36.735,,-9.99,0.486,0.068,,202.48
10030002,1991.198649,31.807,64.241,,,10,,,,9.9303,20.325,5.0377,36.736,,-9.99,0.432,0.063,,160.14,
10030002,1991.198649,31.807,64.241,,,12,,,11.9163,20.326,5.0379,36.736,,-9.99,0.437,0.065,,143.5,,
10030002,1991.198649,31.807,64.241,,,14,,,13.9022,20.327,5.0381,36.736,,-9.99,0.438,0.066,,128.5,,
10030002,1991.198649,31.807,64.241,,,16,,,15.8882,20.327,5.0382,36.736,,-9.99,0.437,0.07,,127.46,,
10030002,1991.198649,31.807,64.241,,,18,,,17.8741,20.327,5.0383,36.736,,-9.99,0.437,0.07,,118,,
10030002,1991.198649,31.807,64.241,,,20,,,19.86,20.327,5.0384,36.736,,-9.99,0.437,0.073,,108.26,,
10030002,1991.198649,31.807,64.241,,,22,,,21.8459,20.328,5.0386,36.736,,-9.99,0.437,0.072,,101.52,,
10030002,1991.198649,31.807,64.241,,,24,,,23.8318,20.328,5.0386,36.736,,-9.99,0.438,0.075,,,97.13,
10030002,1991.198649,31.807,64.241,,,26,,,25.8177,20.329,5.0388,36.736,,-9.99,0.438,0.079,,,90.05,
10030002,1991.198649,31.807,64.241,,,28,,,27.8035,20.33,5.039,36.736,,-9.99,0.437,0.081,,,82.93,
10030002,1991.198649,31.807,64.241,,,30,,,29.7893,20.33,5.0391,36.736,,-9.99,0.437,0.08,,,77.59,
10030002,1991.198649,31.807,64.241,,,32,,,31.7751,20.33,5.0392,36.736,,-9.99,0.438,0.078,,,72.02,
10030002,1991.198649,31.807,64.241,,,34,,,33.7609,20.332,5.0395,36.736,,-9.99,0.437,0.079,,,67.32,
10030002,1991.198649,31.807,64.241,,,36,,,35.7467,20.332,5.0396,36.736,,-9.99,0.437,0.08,,,62.9,
10030002,1991.198649,31.807,64.241,,,38,,,37.7324,20.332,5.0396,36.735,,-9.99,0.437,0.085,,,56.93,
10030002,1991.198649,31.807,64.241,,,40,,,39.7181,20.333,5.0398,36.735,,-9.99,0.437,0.088,,,53.14,
10030002,1991.198649,31.807,64.241,,,42,,,41.7038,20.334,5.04,36.735,,-9.99,0.437,0.084,,,48.62,
10030002,1991.198649,31.807,64.241,,,44,,,43.6895,20.333,5.0401,36.736,,-9.99,0.437,0.083,,,44.56,
10030002,1991.198649,31.807,64.241,,,46,,,45.6752,20.334,5.0402,36.735,,-9.99,0.437,0.084,,,42.38,
10030002,1991.198649,31.807,64.241,,,48,,,47.6608,20.335,5.0404,36.735,,-9.99,0.437,0.084,,,39.28,
10030002,1991.198649,31.807,64.241,,,50,,,49.6465,20.335,5.0404,36.735,,-9.99,0.437,0.085,,,35.81,
10030002,1991.198649,31.807,64.241,,,52,,,51.6321,20.335,5.0405,36.735,,-9.99,0.437,0.09,,,32.95,
10030002,1991.198649,31.807,64.241,,,54,,,53.6177,20.335,5.0406,36.735,,-9.99,0.437,0.089,,,30.65,
10030002,1991.198649,31.807,64.241,,,56,,,55.6032,20.335,5.0407,36.735,,-9.99,0.437,0.089,,,27.9,
10030002,1991.198649,31.807,64.241,,,58,,,57.5888,20.336,5.0409,36.735,,-9.99,0.437,0.088,,,25.94,
10030002,1991.198649,31.807,64.241,,,60,,,59.5743,20.336,5.041,36.735,,-9.99,0.442,0.088,,,23.97,
10030002,1991.198649,31.807,64.241,,,62,,,61.5598,20.336,5.0411,36.735,,-9.99,0.436,0.087,,,22.12,
10030002,1991.198649,31.807,64.241,,,64,,,63.5453,20.337,5.0413,36.735,,-9.99,0.437,0.085,,,20.67,
10030002,1991.198649,31.807,64.241,,,66,,,65.5308,20.337,5.0414,36.735,,-9.99,0.437,0.083,,,18.97,
10030002,1991.198649,31.807,64.241,,,68,,,67.5163,20.337,5.0415,36.735,,-9.99,0.436,0.085,,,17.51,
10030002,1991.198649,31.807,64.241,,,70,,,69.5017,20.337,5.0416,36.735,,-9.99,0.436,0.087,,,16.24,
10030002,1991.198649,31.807,64.241,,,72,,,71.4871,20.337,5.0416,36.735,,-9.99,0.435,0.093,,,14.78,
10030002,1991.198649,31.807,64.241,,,74,,,73.4725,20.338,5.0417,36.734,,-9.99,0.435,0.091,,,13.75,
10030002,1991.198649,31.807,64.241,,,76,,,75.4579,20.339,5.0419,36.734,,-9.99,0.435,0.089,,,12.81,
10030002,1991.198649,31.807,64.241,,,78,,,77.4432,20.335,5.0416,36.734,,-9.99,0.434,0.092,,,11.61,
10030002,1991.198649,31.807,64.241,,,80,,,79.4286,20.338,5.042,36.734,,-9.99,0.435,0.093,,,10.93,
10030002,1991.198649,31.807,64.241,,,82,,,81.4139,20.332,5.0413,36.733,,-9.99,0.434,0.093,,,10.15,
10030002,1991.198649,31.807,64.241,,,84,,,83.3992,20.323,5.0405,36.733,,-9.99,0.431,0.099,,,,9.12
10030002,1991.198649,31.807,64.241,,,86,,,85.3845,20.321,5.0402,36.732,,-9.99,0.43,0.109,,,,8.35
10030002,1991.198649,31.807,64.241,,,88,,,87.3697,20.316,5.0395,36.73,,-9.99,0.428,0.106,,,,7.83
10030002,1991.198649,31.807,64.241,,,90,,,89.355,20.303,5.0379,36.727,,-9.99,0.428,0.107,,,,7.23
10030002,1991.198649,31.807,64.241,,,92,,,91.3402,20.291,5.0364,36.725,,-9.99,0.428,0.109,,,,6.54
10030002,1991.198649,31.807,64.241,,,94,,,93.3254,20.281,5.0354,36.724,,-9.99,0.427,0.109,,,,6.11
10030002,1991.198649,31.807,64.241,,,96,,,95.3106,20.273,5.0345,36.723,,-9.99,0.428,0.111,,,,5.62
10030002,1991.198649,31.807,64.241,,,98,,,97.2958,20.27,5.0341,36.722,,-9.99,0.428,0.112,,,,5.14
10030002,1991.198649,31.807,64.241,,100,,,99.2809,20.265,5.0336,36.721,,-9.99,0.427,0.111,,,,4.76,
10030002,1991.198649,31.807,64.241,,102,,101.266,20.254,5.0322,36.719,,-9.99,0.429,0.113,,,,4.41,,
10030002,1991.198649,31.807,64.241,,104,,103.2511,20.244,5.031,36.717,,-9.99,0.428,0.115,,,,4.04,,
10030002,1991.198649,31.807,64.241,,106,,105.2362,20.229,5.0292,36.714,,-9.99,0.428,0.119,,,,3.79,,
10030002,1991.198649,31.807,64.241,,108,,107.2213,20.221,5.0284,36.714,,-9.99,0.426,0.124,,,,3.48,,
10030002,1991.198649,31.807,64.241,,110,,109.2063,20.211,5.0272,36.712,,-9.99,0.426,0.114,,,,3.15,,
10030002,1991.198649,31.807,64.241,,112,,111.1914,20.201,5.0257,36.708,,-9.99,0.426,0.114,,,,2.98,,
10030002,1991.198649,31.807,64.241,,114,,113.1764,20.177,5.023,36.706,,-9.99,0.426,0.111,,,,2.7,,
10030002,1991.198649,31.807,64.241,,116,,115.1614,20.169,5.022,36.704,,-9.99,0.424,0.105,,,,2.48,,
10030002,1991.198649,31.807,64.241,,118,,117.1464,20.163,5.0212,36.702,,-9.99,0.425,0.104,,,,2.28,,
10030002,1991.198649,31.807,64.241,,120,,119.1313,20.147,5.0195,36.701,,-9.99,0.424,0.106,,,,2.09,,
10030002,1991.198649,31.807,64.241,,122,,121.1162,20.128,5.0174,36.699,,-9.99,0.424,0.108,,,,1.94,,
10030002,1991.198649,31.807,64.241,,124,,123.1012,20.111,5.0153,36.696,,-9.99,0.423,0.11,,,,1.79,,
10030002,1991.198649,31.807,64.241,,126,,125.0861,20.102,5.0139,36.692,,-9.99,0.423,0.109,,,,1.7,,
10030002,1991.198649,31.807,64.241,,128,,127.0709,20.096,5.0133,36.691,,-9.99,0.423,0.111,,,,1.58,,
10030002,1991.198649,31.807,64.241,,130,,129.0558,20.078,5.0112,36.689,,-9.99,0.422,0.107,,,,1.43,,
10030002,1991.198649,31.807,64.241,,132,,131.0406,20.077,5.0109,36.687,,-9.99,0.422,0.109,,,,1.35,,
10030002,1991.198649,31.807,64.241,,134,,133.0254,20.065,5.0096,36.686,,-9.99,0.421,0.106,,,,1.24,,
10030002,1991.198649,31.807,64.241,,136,,135.0103,20.043,5.0069,36.682,,-9.99,0.42,0.101,,,,1.13,,
10030002,1991.198649,31.807,64.241,,138,,136.995,20.011,5.0028,36.675,,-9.99,0.419,0.099,,,,1.05,,
10030002,1991.198649,31.807,64.241,,140,,138.9798,19.993,5.0005,36.671,,-9.99,0.418,0.102,,,,0.98,,
10030002,1991.198649,31.807,64.241,,142,,140.9645,19.976,4.9985,36.669,,-9.99,0.418,0.1,,,,0.91,,
10030002,1991.198649,31.807,64.241,,144,,142.9493,19.965,4.9971,36.666,,-9.99,0.418,0.098,,,,0.85,,
10030002,1991.198649,31.807,64.241,,146,,144.934,19.959,4.9964,36.665,,-9.99,0.418,0.143,,,,0.79,,
10030002,1991.198649,31.807,64.241,,148,,146.9186,19.943,4.9947,36.664,,-9.99,0.415,0.117,,,,0.74,,
10030002,1991.198649,31.807,64.241,,150,,148.9033,19.937,4.9938,36.661,,-9.99,0.413,0.096,,,,0.69,,
10030002,1991.198649,31.807,64.241,,152,,150.888,19.929,4.9929,36.66,,-9.99,0.413,0.092,,,,0.65,,
10030002,1991.198649,31.807,64.241,,154,,152.8726,19.913,4.9912,36.659,,-9.99,0.414,0.082,,,,0.6,,
10030002,1991.198649,31.807,64.241,,156,,154.8572,19.894,4.9892,36.658,,-9.99,0.411,0.074,,,,0.56,,
10030002,1991.198649,31.807,64.241,,158,,156.8418,19.847,4.9842,36.657,,-9.99,0.41,0.073,,,,0.52,,
10030002,1991.198649,31.807,64.241,,160,,158.8264,19.814,4.9806,36.656,,-9.99,0.408,0.063,,,,0.48,,
10030002,1991.198649,31.807,64.241,,162,,160.8109,19.799,4.9788,36.653,,-9.99,0.407,0.056,,,,0.45,,
10030002,1991.198649,31.807,64.241,,164,,162.7954,19.779,4.9766,36.652,,-9.99,0.406,0.057,,,,0.42,,
10030002,1991.198649,31.807,64.241,,166,,164.78,19.752,4.9738,36.651,,-9.99,0.405,0.054,,,,0.4,,
10030002,1991.198649,31.807,64.241,,168,,166.7644,19.718,4.9699,36.648,,-9.99,0.402,0.049,,,,0.37,,
10030002,1991.198649,31.807,64.241,,170,,168.7489,19.667,4.9641,36.644,,-9.99,0.399,0.043,,,,0.35,,
10030002,1991.198649,31.807,64.241,,172,,170.7334,19.633,4.9597,36.636,,-9.99,0.399,0.031,,,,0.33,,
10030002,1991.198649,31.807,64.241,,174,,172.7178,19.617,4.958,36.635,,-9.99,0.398,0.03,,,,0.32,,
10030002,1991.198649,31.807,64.241,,176,,174.7022,19.602,4.9561,36.632,,-9.99,0.398,0.029,,,,0.3,,
10030002,1991.198649,31.807,64.241,,178,,176.6866,19.565,4.952,36.63,,-9.99,0.398,0.029,,,,0.29,,
10030002,1991.198649,31.807,64.241,,180,,178.671,19.56,4.9515,36.629,,-9.99,0.397,0.026,,,,0.26,,
10030002,1991.198649,31.807,64.241,,182,,180.6554,19.551,4.9516,36.637,,-9.99,0.398,0.024,,,,0.25,,
10030002,1991.198649,31.807,64.241,,184,,182.6397,19.539,4.9509,36.641,,-9.99,0.398,0.03,,,,0.24,,
10030002,1991.198649,31.807,64.241,,186,,184.624,19.529,4.9499,36.641,,-9.99,0.398,0.033,,,,0.22,,
10030002,1991.198649,31.807,64.241,,188,,186.6083,19.518,4.9487,36.64,,-9.99,0.398,0.035,,,,0.21,,
10030002,1991.198649,31.807,64.241,,190,,188.5926,19.492,4.946,36.639,,-9.99,0.399,0.035,,,,0.21,,
10030002,1991.198649,31.807,64.241,,192,,190.5769,19.456,4.9422,36.638,,-9.99,0.399,0.036,,,,0.19,,
10030002,1991.198649,31.807,64.241,,194,,192.5611,19.42,4.9383,36.637,,-9.99,0.398,0.033,,,,0.18,,
10030002,1991.198649,31.807,64.241,,196,,194.5453,19.38,4.9341,36.636,,-9.99,0.397,0.03,,,,0.17,,
10030002,1991.198649,31.807,64.241,,198,,196.5295,19.335,4.9292,36.634,,-9.99,0.398,0.03,,,,0.16,,
10030002,1991.198649,31.807,64.241,,200,,198.5137,19.279,4.9229,36.63,,-9.99,0.396,0.026,,,,0.15,,
10030002,1991.198649,31.807,64.241,,202,,200.4979,19.209,4.9152,36.626,,-9.99,0.396,0.023,,,,0.15,,
10030002,1991.198649,31.807,64.241,,204,,202.482,19.183,4.9124,36.625,,-9.99,0.395,0.023,,,,0.14,,
10030002,1991.198649,31.807,64.241,,206,,204.4662,19.169,4.911,36.625,,-9.99,0.394,0.018,,,,0.13,,
10030002,1991.198649,31.807,64.241,,208,,206.4503,19.144,4.9085,36.625,,-9.99,0.394,0.013,,,,0.13,,
10030002,1991.198649,31.807,64.241,,210,,208.4344,19.117,4.9059,36.626,,-9.99,0.394,0.013,,,,0.12,,
10030002,1991.198649,31.807,64.241,,212,,210.4184,19.118,4.9064,36.629,,-9.99,0.394,0.013,,,,0.12,,
10030002,1991.198649,31.807,64.241,,214,,212.4025,19.113,4.906,36.629,,-9.99,0.394,0.013,,,,0.11,,
10030002,1991.198649,31.807,64.241,,216,,214.3865,19.075,4.9021,36.629,,-9.99,0.394,0.011,,,,0.11,,
10030002,1991.198649,31.807,64.241,,218,,216.3705,18.998,4.8932,36.622,,-9.99,0.394,0.02,,,,0.1,,
10030002,1991.198649,31.807,64.241,,220,,218.3545,18.973,4.8898,36.614,,-9.99,0.393,0.021,,,,0.1,,
10030002,1991.198649,31.807,64.241,,222,,220.3385,18.937,4.8858,36.612,,-9.99,0.392,0.019,,,,0.1,,
10030002,1991.198649,31.807,64.241,,224,,222.3225,18.874,4.8782,36.603,,-9.99,0.393,0.012,,,,0.09,,
10030002,1991.198649,31.807,64.241,,226,,224.3064,18.851,4.876,36.604,,-9.99,0.392,0.019,,,,0.09,,
10030002,1991.198649,31.807,64.241,,228,,226.2903,18.817,4.8725,36.603,,-9.99,0.391,0.018,,,,0.09,,
10030002,1991.198649,31.807,64.241,,230,,228.2742,18.785,4.8686,36.598,,-9.99,0.392,0.006,,,,0.08,,
10030002,1991.198649,31.807,64.241,,232,,230.2581,18.751,4.865,36.597,,-9.99,0.391,0.007,,,,0.08,,
10030002,1991.198649,31.807,64.241,,234,,232.242,18.716,4.8608,36.592,,-9.99,0.391,0.009,,,,0.08,,
10030002,1991.198649,31.807,64.241,,236,,234.2258,18.705,4.8594,36.589,,-9.99,0.39,0.007,,,,0.08,,
10030002,1991.198649,31.807,64.241,,238,,236.2096,18.691,4.8578,36.587,,-9.99,0.39,0.004,,,,0.07,,
10030002,1991.198649,31.807,64.241,,240,,238.1934,18.676,4.8563,36.587,,-9.99,0.39,0.004,,,,0.07,,
10030002,1991.198649,31.807,64.241,,242,,240.1772,18.662,4.855,36.587,,-9.99,0.39,0.004,,,,0.07,,
10030002,1991.198649,31.807,64.241,,244,,242.161,18.645,4.8531,36.586,,-9.99,0.39,0.006,,,,0.07,,
10030002,1991.198649,31.807,64.241,,246,,244.1447,18.617,4.8497,36.581,,-9.99,0.39,0.005,,,,0.07,,
10030002,1991.198649,31.807,64.241,,248,,246.1285,18.61,4.8488,36.579,,-9.99,0.392,0.007,,,,0.07,,
10030002,1991.198649,31.807,64.241,,250,,248.1122,18.606,4.8483,36.577,,-9.99,0.39,0.008,,,,0.06,,
10030002,1991.198649,31.807,64.241,,252,,250.0958,18.599,4.8476,36.577,,-9.99,0.39,0.008,,,,0.06,,
10030002,1991.198649,31.807,64.241,,254,,252.0795,18.596,4.8474,36.577,,-9.99,0.39,0.008,,,,0.06,,
10030002,1991.198649,31.807,64.241,,256,,254.0632,18.592,4.8471,36.577,,-9.99,0.39,0.011,,,,0.06,,
