site,cruiseid,year,month,day,date,yrday_gmt,lat,lon,HLII_narB[cells/mL],staNaNard_deviation[cells/mL],LLI_narB[cells/mL],staNaNard_deviation[cells/mL],temp,sal,depth[m],sigma_0
HOT,174,2005,10,8,10/8/05,118886400,22.75,-158,51300,1460,0.65,NaN,26.25405,35.1754,5,23.0885
HOT,174,2005,10,8,10/8/05,118886400,22.75,-158,54100,6960,0.65,NaN,26.25405,35.1755,25,23.09
HOT,174,2005,10,8,10/8/05,118886400,22.75,-158,38800,2760,NaN,NaN,26.25265,35.17535,45,23.092
HOT,174,2005,10,8,10/8/05,118886400,22.75,-158,44600,3500,0.65,NaN,26.2519,35.1763,60,23.0935
HOT,174,2005,10,8,10/8/05,118886400,22.75,-158,42300,928,0.65,NaN,25.9974,35.1785,75,23.176
HOT,174,2005,10,8,10/8/05,118886400,22.75,-158,31300,3150,26.6,12.8,25.0553,35.17235,85,23.462
HOT,174,2005,10,8,10/8/05,118886400,22.75,-158,18100,2530,23900,6080,23.56525,35.1773,100,23.9115
HOT,174,2005,10,8,10/8/05,118886400,22.75,-158,7870,1260,39500,5630,22.64735,35.19795,115,24.193
HOT,174,2005,10,8,10/8/05,118886400,22.75,-158,3030,219,36600,2730,22.0517,35.2008,125,24.364
HOT,174,2005,10,8,10/8/05,118886400,22.75,-158,148,27.8,9200,2160,20.5773,35.12525,150,24.713
HOT,174,2005,10,8,10/8/05,118886400,22.75,-158,30.2,10.4,1700,160,19.2756,35.011,175,24.968
HOT,174,2005,10,8,10/8/05,118886400,22.75,-158,NaN,NaN,65,15.5,18.106,34.8922,200,25.173
HOT,175,2005,11,12,11/12/05,121910400,22.75,-158,43800,6170,20.8,5.66,25.27745,35.0801,5,23.3195
HOT,175,2005,11,12,11/12/05,121910400,22.75,-158,35200,1810,50.5,17.7,25.28,35.0802,25,23.32
HOT,175,2005,11,12,11/12/05,121910400,22.75,-158,42400,3830,68,27.3,25.27885,35.0848,45,23.325
HOT,175,2005,11,12,11/12/05,121910400,22.75,-158,31700,3660,22.6,3.96,25.2777,35.0876,60,23.3285
HOT,175,2005,11,12,11/12/05,121910400,22.75,-158,34700,2190,75.2,17.2,25.22485,35.0992,75,23.3545
HOT,175,2005,11,12,11/12/05,121910400,22.75,-158,29800,2020,727,133,24.4633,35.10175,85,23.5875
HOT,175,2005,11,12,11/12/05,121910400,22.75,-158,3380,181,31100,5830,23.39295,35.12365,100,23.921
HOT,175,2005,11,12,11/12/05,121910400,22.75,-158,1410,316,21400,5560,22.8093,35.1515,115,24.112
HOT,175,2005,11,12,11/12/05,121910400,22.75,-158,385,60.2,14000,1150,22.4639,35.16315,125,24.2195
HOT,175,2005,11,12,11/12/05,121910400,22.75,-158,14.7,2.66,1520,173,21.6528,35.17895,150,24.4605
HOT,175,2005,11,12,11/12/05,121910400,22.75,-158,0.65,NaN,188,25,21.02695,35.1564,175,24.616
HOT,175,2005,11,12,11/12/05,121910400,22.75,-158,8.21,1.96,23.8,4.86,19.98665,35.0378,200,24.805
HOT,176,2005,12,13,12/13/05,124588800,22.75,-158,31400,2930,96,41.4,24.9411,35.18485,5,23.501
HOT,176,2005,12,13,12/13/05,124588800,22.75,-158,31600,692,139,44.2,24.94765,35.1847,25,23.5
HOT,176,2005,12,13,12/13/05,124588800,22.75,-158,29100,11800,34.7,16.9,24.945,35.2107,45,23.522
HOT,176,2005,12,13,12/13/05,124588800,22.75,-158,27800,10600,NaN,NaN,24.9565,35.2376,60,23.54
HOT,176,2005,12,13,12/13/05,124588800,22.75,-158,NaN,NaN,NaN,NaN,24.9705,35.2784,75,23.5675
HOT,176,2005,12,13,12/13/05,124588800,22.75,-158,22900,4700,334,91.8,24.9804,35.30105,85,23.5825
HOT,176,2005,12,13,12/13/05,124588800,22.75,-158,2770,1330,3910,1650,24.39575,35.2807,100,23.744
HOT,176,2005,12,13,12/13/05,124588800,22.75,-158,106,32.6,5320,1250,23.2516,35.2117,115,24.0295
HOT,176,2005,12,13,12/13/05,124588800,22.75,-158,60.2,12.3,2980,824,22.55055,35.18635,125,24.2125
HOT,176,2005,12,13,12/13/05,124588800,22.75,-158,12.3,4.38,257,86.1,21.30765,35.14925,150,24.5325
HOT,176,2005,12,13,12/13/05,124588800,22.75,-158,11.7,4.34,33.6,14.4,20.1248,35.0651,175,24.788
HOT,176,2005,12,13,12/13/05,124588800,22.75,-158,NaN,NaN,0.65,NaN,18.7262,34.8682,200,25
HOT,177,2006,1,25,1/25/06,128304000,22.75,-158,19800,4510,942,445,23.5587,35.264,5,23.9735
HOT,177,2006,1,25,1/25/06,128304000,22.75,-158,18600,2960,1000,296,23.55465,35.26365,25,23.9755
HOT,177,2006,1,25,1/25/06,128304000,22.75,-158,15600,2000,735,147,23.53975,35.2641,45,23.9815
HOT,177,2006,1,25,1/25/06,128304000,22.75,-158,23100,5840,807,287,23.5207,35.2664,60,23.9895
HOT,177,2006,1,25,1/25/06,128304000,22.75,-158,21700,4430,506,187,23.50985,35.26915,75,23.9955
HOT,177,2006,1,25,1/25/06,128304000,22.75,-158,20000,2350,447,133,23.49965,35.2725,85,24.002
HOT,177,2006,1,25,1/25/06,128304000,22.75,-158,22200,2910,567,138,23.4595,35.2804,100,24.0205
HOT,177,2006,1,25,1/25/06,128304000,22.75,-158,16900,954,344,112,23.30265,35.2858,115,24.0715
HOT,177,2006,1,25,1/25/06,128304000,22.75,-158,19100,1510,531,114,23.07445,35.28475,125,24.137
HOT,177,2006,1,25,1/25/06,128304000,22.75,-158,13600,3210,2140,534,22.3017,35.26145,150,24.3415
HOT,177,2006,1,25,1/25/06,128304000,22.75,-158,130,42.9,456,80.6,20.8853,35.1215,175,24.628
HOT,177,2006,1,25,1/25/06,128304000,22.75,-158,16.4,6.23,11.6,4.2,19.2925,34.9904,200,24.9495
HOT,178,2006,2,15,2/15/06,130118400,22.75,-158,28400,2720,1720,239,23.1332,35.20415,5,24.052
HOT,178,2006,2,15,2/15/06,130118400,22.75,-158,28300,4180,1870,400,23.11835,35.20645,25,24.059
HOT,178,2006,2,15,2/15/06,130118400,22.75,-158,27600,1790,2270,266,23.10565,35.20965,45,24.0665
HOT,178,2006,2,15,2/15/06,130118400,22.75,-158,23100,9080,NaN,NaN,23.10045,35.21175,60,24.0705
HOT,178,2006,2,15,2/15/06,130118400,22.75,-158,25900,3840,3260,542,23.0548,35.2177,75,24.0885
HOT,178,2006,2,15,2/15/06,130118400,22.75,-158,22300,2460,3330,445,22.9726,35.21425,85,24.1105
HOT,178,2006,2,15,2/15/06,130118400,22.75,-158,6350,347,6700,726,22.5556,35.21925,100,24.2345
HOT,178,2006,2,15,2/15/06,130118400,22.75,-158,345,68,2420,640,21.96965,35.19,115,24.3785
HOT,178,2006,2,15,2/15/06,130118400,22.75,-158,131,26,913,352,21.32235,35.11755,125,24.5035
HOT,178,2006,2,15,2/15/06,130118400,22.75,-158,11.6,1.84,0.65,NaN,19.29295,34.82595,150,24.821
HOT,178,2006,2,15,2/15/06,130118400,22.75,-158,0.65,NaN,0.65,NaN,17.6696,34.6354,175,25.082
HOT,178,2006,2,15,2/15/06,130118400,22.75,-158,NaN,NaN,0.65,NaN,15.76415,34.4049,200,25.351
HOT,179,2006,3,10,3/10/06,132105600,22.75,-158,24500,2640,624,94.3,23.2674,35.09715,5,23.932
HOT,179,2006,3,10,3/10/06,132105600,22.75,-158,24100,3250,725,74.1,23.2695,35.10015,25,23.9345
HOT,179,2006,3,10,3/10/06,132105600,22.75,-158,24900,695,761,91.3,23.11695,35.13025,45,24.003
HOT,179,2006,3,10,3/10/06,132105600,22.75,-158,23400,1510,823,50.3,22.973,35.15445,60,24.0635
HOT,179,2006,3,10,3/10/06,132105600,22.75,-158,26500,3460,1130,200,22.8424,35.17,75,24.1135
HOT,179,2006,3,10,3/10/06,132105600,22.75,-158,15800,7430,NaN,NaN,22.78565,35.18495,85,24.142
HOT,179,2006,3,10,3/10/06,132105600,22.75,-158,26700,618,948,68.6,22.73405,35.21965,100,24.184
HOT,179,2006,3,10,3/10/06,132105600,22.75,-158,18400,1800,5380,1570,22.6513,35.2423,115,24.226
HOT,179,2006,3,10,3/10/06,132105600,22.75,-158,3180,525,5270,785,22.53695,35.25545,125,24.2685
HOT,179,2006,3,10,3/10/06,132105600,22.75,-158,950,192,823,241,21.94075,35.2466,150,24.4315
HOT,179,2006,3,10,3/10/06,132105600,22.75,-158,179,22.1,306,57.5,20.7205,35.11495,175,24.667
HOT,179,2006,3,10,3/10/06,132105600,22.75,-158,20.2,5.29,112,28.7,19.21345,34.934,200,24.926
HOT,180,2006,4,2,4/2/06,134092800,22.75,-158,39700,4370,31,11.1,23.6137,34.8347,5,23.6315
HOT,180,2006,4,2,4/2/06,134092800,22.75,-158,32100,2250,28.3,7.21,23.4793,34.88605,25,23.7115
HOT,180,2006,4,2,4/2/06,134092800,22.75,-158,27900,1460,787,83.6,23.2829,35.0427,45,23.8885
HOT,180,2006,4,2,4/2/06,134092800,22.75,-158,25500,6300,2280,1100,23.1966,35.0985,60,23.9565
HOT,180,2006,4,2,4/2/06,134092800,22.75,-158,16900,933,8010,425,23.1131,35.1353,75,24.0095
HOT,180,2006,4,2,4/2/06,134092800,22.75,-158,5490,171,10600,443,23.02545,35.16925,85,24.061
HOT,180,2006,4,2,4/2/06,134092800,22.75,-158,4730,360,6170,529,22.8678,35.20825,100,24.137
HOT,180,2006,4,2,4/2/06,134092800,22.75,-158,9860,288,4240,84.7,22.688,35.23725,115,24.2115
HOT,180,2006,4,2,4/2/06,134092800,22.75,-158,8400,876,687,103,22.5643,35.2549,125,24.2605
HOT,180,2006,4,2,4/2/06,134092800,22.75,-158,4120,1180,1240,306,22.27195,35.2734,150,24.359
HOT,180,2006,4,2,4/2/06,134092800,22.75,-158,989,41.3,486,62,21.8258,35.25675,175,24.4725
HOT,180,2006,4,2,4/2/06,134092800,22.75,-158,82.1,11.9,121,39.6,20.92385,35.15175,200,24.642
HOT,181,2006,5,27,5/27/06,138844800,22.75,-158,39400,1460,0.65,NaN,23.77715,35.21855,5,23.8745
HOT,181,2006,5,27,5/27/06,138844800,22.75,-158,44700,6520,40.7,10.1,23.4776,35.20715,25,23.9555
HOT,181,2006,5,27,5/27/06,138844800,22.75,-158,35300,1430,103,30.1,23.24255,35.2043,45,24.0225
HOT,181,2006,5,27,5/27/06,138844800,22.75,-158,29300,1530,2250,163,22.7994,35.2013,60,24.149
HOT,181,2006,5,27,5/27/06,138844800,22.75,-158,25000,2500,3870,127,22.0396,35.18685,75,24.3545
HOT,181,2006,5,27,5/27/06,138844800,22.75,-158,7240,1540,9440,1850,21.64575,35.20215,85,24.4765
HOT,181,2006,5,27,5/27/06,138844800,22.75,-158,504,44.6,6900,727,21.17,35.22915,100,24.629
HOT,181,2006,5,27,5/27/06,138844800,22.75,-158,188,46.5,6060,999,20.91095,35.2515,115,24.7165
HOT,181,2006,5,27,5/27/06,138844800,22.75,-158,64.5,19.8,1910,442,20.7024,35.24995,125,24.7725
HOT,181,2006,5,27,5/27/06,138844800,22.75,-158,21.4,4.62,379,152,19.298,35.01505,150,24.9645
HOT,181,2006,5,27,5/27/06,138844800,22.75,-158,41.5,20.2,86.3,16.6,17.56115,34.78015,175,25.219
HOT,181,2006,5,27,5/27/06,138844800,22.75,-158,8.78,2.38,8.89,1.74,16.1026,34.62485,200,25.4435
HOT,182,2006,6,14,6/14/06,140400000,22.75,-158,37300,3830,0.65,NaN,25.89475,34.84045,5,22.948
HOT,182,2006,6,14,6/14/06,140400000,22.75,-158,40100,8410,0.65,NaN,25.7102,34.8856,25,23.0405
HOT,182,2006,6,14,6/14/06,140400000,22.75,-158,38300,4790,0.65,NaN,23.84405,35.1818,45,23.8295
HOT,182,2006,6,14,6/14/06,140400000,22.75,-158,41000,8840,121,24.1,23.44285,35.2108,60,23.97
HOT,182,2006,6,14,6/14/06,140400000,22.75,-158,43300,5740,262,26.9,23.1722,35.2248,75,24.0605
HOT,182,2006,6,14,6/14/06,140400000,22.75,-158,32000,2590,153,46.8,22.881,35.22585,85,24.1455
HOT,182,2006,6,14,6/14/06,140400000,22.75,-158,28700,1290,302,37.1,22.28315,35.21925,100,24.312
HOT,182,2006,6,14,6/14/06,140400000,22.75,-158,25100,1920,490,50.5,21.6533,35.19545,115,24.4705
HOT,182,2006,6,14,6/14/06,140400000,22.75,-158,10900,523,3170,183,21.18645,35.163,125,24.575
HOT,182,2006,6,14,6/14/06,140400000,22.75,-158,427,23.5,3980,524,19.9047,35.0339,150,24.8215
HOT,182,2006,6,14,6/14/06,140400000,22.75,-158,NaN,NaN,291,135,18.57975,34.8943,175,25.0555
HOT,182,2006,6,14,6/14/06,140400000,22.75,-158,0.65,NaN,46.3,17.7,17.21275,34.76265,200,25.2905
HOT,183,2006,7,13,7/13/06,142905600,22.75,-158,44200,4280,0.65,NaN,25.31635,34.90445,5,23.175
HOT,183,2006,7,13,7/13/06,142905600,22.75,-158,41500,2780,0.65,NaN,25.313,34.90485,25,23.1775
HOT,183,2006,7,13,7/13/06,142905600,22.75,-158,47300,9330,8.07,0.118,25.2383,34.91035,45,23.2055
HOT,183,2006,7,13,7/13/06,142905600,22.75,-158,42100,6360,0.65,NaN,24.62925,34.97345,60,23.439
HOT,183,2006,7,13,7/13/06,142905600,22.75,-158,39800,2070,55.3,19.3,23.6996,35.08205,75,23.7985
HOT,183,2006,7,13,7/13/06,142905600,22.75,-158,24700,3690,2020,247,23.33845,35.1056,85,23.9225
HOT,183,2006,7,13,7/13/06,142905600,22.75,-158,10500,723,12000,727,22.9425,35.15855,100,24.078
HOT,183,2006,7,13,7/13/06,142905600,22.75,-158,1250,156,5230,599,22.63845,35.18895,115,24.1885
HOT,183,2006,7,13,7/13/06,142905600,22.75,-158,526,42.5,3880,435,22.4092,35.20245,125,24.265
HOT,183,2006,7,13,7/13/06,142905600,22.75,-158,17,5.08,445,92.3,21.7672,35.21965,150,24.4595
HOT,183,2006,7,13,7/13/06,142905600,22.75,-158,13.8,4.76,140,13.9,20.9454,35.1674,175,24.6465
HOT,183,2006,7,13,7/13/06,142905600,22.75,-158,61.8,21.3,100,22.1,19.6652,35.00425,200,24.8635
HOT,184,2006,8,9,8/9/06,145238400,22.75,-158,60800,2640,0.65,NaN,26.3379,34.8849,5,22.843
HOT,184,2006,8,9,8/9/06,145238400,22.75,-158,60400,3900,0.65,NaN,26.32845,34.88535,25,22.8475
HOT,184,2006,8,9,8/9/06,145238400,22.75,-158,66900,10400,8.36,0.534,25.64395,35.0769,45,23.207
HOT,184,2006,8,9,8/9/06,145238400,22.75,-158,25900,2000,78.5,14.6,24.2796,35.1652,60,23.6885
HOT,184,2006,8,9,8/9/06,145238400,22.75,-158,9190,1130,1730,230,23.4493,35.19225,75,23.955
HOT,184,2006,8,9,8/9/06,145238400,22.75,-158,6580,998,4240,665,23.13615,35.2068,85,24.0575
HOT,184,2006,8,9,8/9/06,145238400,22.75,-158,831,56.7,6880,138,22.655,35.2217,100,24.2085
HOT,184,2006,8,9,8/9/06,145238400,22.75,-158,244,8.85,2830,356,22.2748,35.22525,115,24.3195
HOT,184,2006,8,9,8/9/06,145238400,22.75,-158,71.9,29.4,958,197,21.94395,35.2199,125,24.409
HOT,184,2006,8,9,8/9/06,145238400,22.75,-158,0.65,NaN,148,57,20.82855,35.1465,150,24.661
HOT,184,2006,8,9,8/9/06,145238400,22.75,-158,NaN,NaN,76.7,12.7,19.609,35.01055,175,24.8815
HOT,184,2006,8,9,8/9/06,145238400,22.75,-158,0.65,NaN,12.8,1.9,18.15945,34.82255,200,25.1065
HOT,185,2006,9,16,9/16/06,148521600,22.75,-158,57800,3080,0.65,NaN,26.51775,35.16625,5,22.9985
HOT,185,2006,9,16,9/16/06,148521600,22.75,-158,59900,4930,NaN,NaN,26.4733,35.1724,25,23.0185
HOT,185,2006,9,16,9/16/06,148521600,22.75,-158,65600,6420,0.65,NaN,26.36275,35.19315,45,23.0705
HOT,185,2006,9,16,9/16/06,148521600,22.75,-158,36100,4640,NaN,NaN,25.0901,35.16675,60,23.4455
HOT,185,2006,9,16,9/16/06,148521600,22.75,-158,31100,8840,107,24.4,23.6273,35.17375,75,23.889
HOT,185,2006,9,16,9/16/06,148521600,22.75,-158,32000,1020,1510,59.6,23.24545,35.19065,85,24.0135
HOT,185,2006,9,16,9/16/06,148521600,22.75,-158,6880,788,14400,2280,22.7856,35.2131,100,24.164
HOT,185,2006,9,16,9/16/06,148521600,22.75,-158,431,68.7,8540,1340,22.4358,35.2367,115,24.2825
HOT,185,2006,9,16,9/16/06,148521600,22.75,-158,145,19.9,3690,211,22.21725,35.24995,125,24.355
HOT,185,2006,9,16,9/16/06,148521600,22.75,-158,9.68,4.75,137,45.4,21.28275,35.2071,150,24.5835
HOT,185,2006,9,16,9/16/06,148521600,22.75,-158,8.38,1.23,49.4,9,20.12145,35.08565,175,24.805
HOT,185,2006,9,16,9/16/06,148521600,22.75,-158,21.2,7.42,0.65,NaN,18.6243,34.9067,200,25.055
HOT,186,2006,10,20,10/20/06,151459200,22.75,-158,52200,8020,0.65,NaN,26.246,35.1355,5,23.061
HOT,186,2006,10,20,10/20/06,151459200,22.75,-158,59400,5550,0.65,NaN,26.19465,35.13875,25,23.081
HOT,186,2006,10,20,10/20/06,151459200,22.75,-158,44500,5940,0.65,NaN,25.94845,35.16065,45,23.176
HOT,186,2006,10,20,10/20/06,151459200,22.75,-158,43600,3030,0.65,NaN,24.94805,35.15755,60,23.4815
HOT,186,2006,10,20,10/20/06,151459200,22.75,-158,30100,8360,9.49,4.09,23.3614,35.18485,75,23.975
HOT,186,2006,10,20,10/20/06,151459200,22.75,-158,25100,3890,321,58.9,22.882,35.2263,85,24.146
HOT,186,2006,10,20,10/20/06,151459200,22.75,-158,6100,1710,7370,2870,22.38485,35.27155,100,24.323
HOT,186,2006,10,20,10/20/06,151459200,22.75,-158,139,17.5,4280,1100,22.07045,35.2955,115,24.43
HOT,186,2006,10,20,10/20/06,151459200,22.75,-158,NaN,NaN,2450,240,21.8922,35.3062,125,24.489
HOT,186,2006,10,20,10/20/06,151459200,22.75,-158,10.8,5.18,295,96.4,21.5903,35.31885,150,24.584
HOT,186,2006,10,20,10/20/06,151459200,22.75,-158,34.7,7.53,50.5,13.8,21.3541,35.3243,175,24.6545
HOT,186,2006,10,20,10/20/06,151459200,22.75,-158,28.1,7.96,0.65,NaN,21.04955,35.30035,200,24.721
HOT,187,2006,11,9,11/9/06,153187200,22.75,-158,63200,2560,9.36,2.73,25.9526,35.09295,5,23.1205
HOT,187,2006,11,9,11/9/06,153187200,22.75,-158,60300,6100,0.65,NaN,25.94275,35.09955,25,23.13
HOT,187,2006,11,9,11/9/06,153187200,22.75,-158,57400,4540,16.6,2.63,25.8898,35.13305,45,23.173
HOT,187,2006,11,9,11/9/06,153187200,22.75,-158,53300,9730,34.7,16.3,25.668,35.14775,60,23.254
HOT,187,2006,11,9,11/9/06,153187200,22.75,-158,24800,6960,1800,681,24.69175,35.13035,75,23.54
HOT,187,2006,11,9,11/9/06,153187200,22.75,-158,10900,350,9810,854,23.9264,35.1574,85,23.7895
HOT,187,2006,11,9,11/9/06,153187200,22.75,-158,807,160,8100,1670,23.04025,35.1949,100,24.0775
HOT,187,2006,11,9,11/9/06,153187200,22.75,-158,62.9,8.78,2230,409,22.5371,35.23105,115,24.25
HOT,187,2006,11,9,11/9/06,153187200,22.75,-158,28.9,12,1020,224,22.23825,35.2534,125,24.352
HOT,187,2006,11,9,11/9/06,153187200,22.75,-158,0.65,NaN,34.4,11.9,21.5682,35.27105,150,24.5535
HOT,187,2006,11,9,11/9/06,153187200,22.75,-158,NaN,NaN,NaN,NaN,20.7682,35.2034,175,24.722
HOT,187,2006,11,9,11/9/06,153187200,22.75,-158,0.65,NaN,NaN,NaN,19.56515,35.048,200,24.923
HOT,188,2006,12,10,12/10/06,155865600,22.75,-158,70600,4290,917,24.8,24.89145,35.2388,5,23.5565
HOT,188,2006,12,10,12/10/06,155865600,22.75,-158,64600,3260,819,40.4,24.895,35.23975,25,23.558
HOT,188,2006,12,10,12/10/06,155865600,22.75,-158,46600,11000,698,91.5,24.89795,35.23975,45,23.558
HOT,188,2006,12,10,12/10/06,155865600,22.75,-158,54900,8110,765,96.1,24.90025,35.24125,60,23.5595
HOT,188,2006,12,10,12/10/06,155865600,22.75,-158,55400,1460,4590,664,24.90095,35.2446,75,23.5625
HOT,188,2006,12,10,12/10/06,155865600,22.75,-158,6320,915,22400,1930,24.7286,35.24495,85,23.6155
HOT,188,2006,12,10,12/10/06,155865600,22.75,-158,1580,353,25300,5980,22.8401,35.1908,100,24.132
HOT,188,2006,12,10,12/10/06,155865600,22.75,-158,287,41.3,8940,96.9,21.9155,35.164,115,24.3735
HOT,188,2006,12,10,12/10/06,155865600,22.75,-158,38.9,13.6,3090,273,21.31965,35.14855,125,24.5275
HOT,188,2006,12,10,12/10/06,155865600,22.75,-158,0.65,NaN,263,9.85,19.98395,35.0498,150,24.8125
HOT,188,2006,12,10,12/10/06,155865600,22.75,-158,9.43,4.66,45.1,0.516,18.6145,34.9055,175,25.0555
HOT,188,2006,12,10,12/10/06,155865600,22.75,-158,0.65,NaN,0.65,NaN,17.26015,34.7481,200,25.2675
HOT,189,2007,2,8,2/8/07,161049600,22.75,-158,17800,3830,319,20.3,23.809,35.1863,5,23.846
HOT,189,2007,2,8,2/8/07,161049600,22.75,-158,24800,7580,456,88,23.7555,35.1995,25,23.881
HOT,189,2007,2,8,2/8/07,161049600,22.75,-158,23100,6780,355,103,23.7643,35.1912,45,23.869
HOT,189,2007,2,8,2/8/07,161049600,22.75,-158,21100,7040,351,109,23.7963,NaN,60,NaN
HOT,189,2007,2,8,2/8/07,161049600,22.75,-158,21800,4040,387,36.8,23.7022,35.1934,75,23.887
HOT,189,2007,2,8,2/8/07,161049600,22.75,-158,19700,2380,439,89.7,23.7738,NaN,85,NaN
HOT,189,2007,2,8,2/8/07,161049600,22.75,-158,10800,1950,1030,277,22.9965,35.1942,100,24.084
HOT,189,2007,2,8,2/8/07,161049600,22.75,-158,959,333,NaN,NaN,22.9242,NaN,115,NaN
HOT,189,2007,2,8,2/8/07,161049600,22.75,-158,583,34.6,2110,146,22.0683,35.1811,125,24.341
HOT,189,2007,2,8,2/8/07,161049600,22.75,-158,NaN,NaN,102,44.3,21.0091,35.1463,150,24.614
HOT,189,2007,2,8,2/8/07,161049600,22.75,-158,NaN,NaN,17.4,3.94,19.8501,35.0506,175,24.841
HOT,189,2007,2,8,2/8/07,161049600,22.75,-158,0.65,NaN,NaN,NaN,17.953,NaN,200,NaN
HOT,190,2007,3,22,3/22/07,164678400,22.75,-158,59500,29500,86.5,37.3,23.4562,35.147,5,23.919
HOT,190,2007,3,22,3/22/07,164678400,22.75,-158,69900,5720,379,51.9,23.402,35.1608,25,23.945
HOT,190,2007,3,22,3/22/07,164678400,22.75,-158,65300,2500,1300,141,23.2276,35.1749,45,24.009
HOT,190,2007,3,22,3/22/07,164678400,22.75,-158,57800,5470,3490,224,23.1746,NaN,60,NaN
HOT,190,2007,3,22,3/22/07,164678400,22.75,-158,49900,3580,7550,591,22.8721,35.227,75,24.15
HOT,190,2007,3,22,3/22/07,164678400,22.75,-158,22400,3340,16900,2230,22.6791,NaN,85,NaN
HOT,190,2007,3,22,3/22/07,164678400,22.75,-158,8760,1270,12900,2030,22.1968,35.2229,100,24.338
HOT,190,2007,3,22,3/22/07,164678400,22.75,-158,7640,1250,1590,139,21.7891,NaN,115,NaN
HOT,190,2007,3,22,3/22/07,164678400,22.75,-158,NaN,NaN,NaN,NaN,21.4461,35.2154,125,24.54
HOT,190,2007,3,22,3/22/07,164678400,22.75,-158,NaN,NaN,NaN,NaN,20.6821,35.1507,150,24.701
HOT,190,2007,3,22,3/22/07,164678400,22.75,-158,9.41,4.08,142,27.1,19.7446,35.0234,175,24.856
HOT,190,2007,3,22,3/22/07,164678400,22.75,-158,0.65,NaN,32.1,13.7,17.3554,NaN,200,NaN
HOT,191,2007,5,6,5/6/07,168566400,22.75,-158,69400,17100,42.7,19,24.6593,34.8719,5,23.343
HOT,191,2007,5,6,5/6/07,168566400,22.75,-158,59000,3070,64.4,18.7,24.6013,34.8706,25,23.353
HOT,191,2007,5,6,5/6/07,168566400,22.75,-158,71600,7230,69.5,32.4,24.584,34.8712,45,23.376
HOT,191,2007,5,6,5/6/07,168566400,22.75,-158,NaN,NaN,NaN,NaN,24.1539,NaN,60,NaN
HOT,191,2007,5,6,5/6/07,168566400,22.75,-158,59000,4130,396,44.8,23.8517,35.008,75,23.718
HOT,191,2007,5,6,5/6/07,168566400,22.75,-158,61200,10900,107,32.1,23.542,NaN,85,NaN
HOT,191,2007,5,6,5/6/07,168566400,22.75,-158,58700,3500,291,54.7,23.2899,35.1428,100,23.981
HOT,191,2007,5,6,5/6/07,168566400,22.75,-158,45500,17300,848,262,23.0179,NaN,115,NaN
HOT,191,2007,5,6,5/6/07,168566400,22.75,-158,12500,5470,3560,179,22.5299,35.2086,125,24.217
HOT,191,2007,5,6,5/6/07,168566400,22.75,-158,3240,539,11300,1900,21.9184,35.1841,150,24.39
HOT,191,2007,5,6,5/6/07,168566400,22.75,-158,25.4,12.2,83.1,18.7,20.7977,35.1365,175,24.658
HOT,191,2007,5,6,5/6/07,168566400,22.75,-158,58.8,16.1,819,88.6,19.4183,NaN,200,NaN
HOT,192,NaN,NaN,NaN,NaN,NaN,22.75,-158,NaN,NaN,NaN,NaN,25.539,34.9691,5,23.122
HOT,192,NaN,NaN,NaN,NaN,NaN,22.75,-158,NaN,NaN,NaN,NaN,25.4667,35.0114,25,23.141
HOT,192,NaN,NaN,NaN,NaN,NaN,22.75,-158,NaN,NaN,NaN,NaN,24.8471,35.0948,45,23.385
HOT,192,NaN,NaN,NaN,NaN,NaN,22.75,-158,NaN,NaN,NaN,NaN,24.5481,NaN,60,NaN
HOT,192,NaN,NaN,NaN,NaN,NaN,22.75,-158,NaN,NaN,NaN,NaN,23.8064,35.0893,75,23.741
HOT,192,NaN,NaN,NaN,NaN,NaN,22.75,-158,NaN,NaN,NaN,NaN,NaN,NaN,85,NaN
HOT,192,NaN,NaN,NaN,NaN,NaN,22.75,-158,NaN,NaN,NaN,NaN,23.2271,35.1526,100,23.984
HOT,192,NaN,NaN,NaN,NaN,NaN,22.75,-158,NaN,NaN,NaN,NaN,NaN,NaN,115,NaN
HOT,192,NaN,NaN,NaN,NaN,NaN,22.75,-158,NaN,NaN,NaN,NaN,22.6644,35.1937,125,24.184
HOT,192,NaN,NaN,NaN,NaN,NaN,22.75,-158,NaN,NaN,NaN,NaN,22.0291,35.2125,150,24.379
HOT,192,NaN,NaN,NaN,NaN,NaN,22.75,-158,NaN,NaN,NaN,NaN,21.3379,35.2016,175,24.566
HOT,192,NaN,NaN,NaN,NaN,NaN,22.75,-158,NaN,NaN,NaN,NaN,19.9883,NaN,200,NaN
HOT,193,2007,7,9,7/9/07,174096000,22.75,-158,NaN,NaN,71.6,9.9,25.6587,35.0656,5,23.189
HOT,193,2007,7,9,7/9/07,174096000,22.75,-158,68700,15900,NaN,NaN,25.6486,35.0644,25,23.19
HOT,193,2007,7,9,7/9/07,174096000,22.75,-158,106000,1930,15.4,2.22,25.5257,35.0849,45,23.244
HOT,193,2007,7,9,7/9/07,174096000,22.75,-158,88100,13500,0.65,NaN,24.9351,NaN,60,NaN
HOT,193,2007,7,9,7/9/07,174096000,22.75,-158,57500,5920,0.65,NaN,23.7757,35.1814,75,23.85
HOT,193,2007,7,9,7/9/07,174096000,22.75,-158,52400,4970,56,2.57,23.5138,NaN,85,NaN
HOT,193,2007,7,9,7/9/07,174096000,22.75,-158,40400,8230,969,144,22.8651,35.1978,100,24.129
HOT,193,2007,7,9,7/9/07,174096000,22.75,-158,12900,3950,16800,4700,22.6062,NaN,115,NaN
HOT,193,2007,7,9,7/9/07,174096000,22.75,-158,1470,256,15300,2690,22.0586,35.1958,125,24.357
HOT,193,2007,7,9,7/9/07,174096000,22.75,-158,121,23.3,4470,931,21.1918,35.1515,150,24.567
HOT,193,2007,7,9,7/9/07,174096000,22.75,-158,NaN,NaN,466,75.8,20.0654,35.0615,175,24.806
HOT,193,2007,7,9,7/9/07,174096000,22.75,-158,NaN,NaN,243,62.3,18.4812,NaN,200,NaN
HOT,194,2007,8,5,8/5/07,176428800,22.75,-158,58700,15900,0.65,NaN,26.4102,35.0233,5,22.926
HOT,194,2007,8,5,8/5/07,176428800,22.75,-158,NaN,NaN,0.65,NaN,26.3977,35.0244,25,22.932
HOT,194,2007,8,5,8/5/07,176428800,22.75,-158,61900,10500,NaN,NaN,26.0456,35.0233,45,23.046
HOT,194,2007,8,5,8/5/07,176428800,22.75,-158,70500,7090,NaN,NaN,25.8878,NaN,60,NaN
HOT,194,2007,8,5,8/5/07,176428800,22.75,-158,53800,12100,NaN,NaN,25.3704,35.0018,75,23.223
HOT,194,2007,8,5,8/5/07,176428800,22.75,-158,57600,11900,0.65,NaN,25.0843,NaN,85,NaN
HOT,194,2007,8,5,8/5/07,176428800,22.75,-158,34900,5030,587,82.7,24.001,34.9853,100,23.627
HOT,194,2007,8,5,8/5/07,176428800,22.75,-158,4240,694,7160,1600,22.9432,NaN,115,NaN
HOT,194,2007,8,5,8/5/07,176428800,22.75,-158,496,31.4,8080,267,22.0276,34.9802,125,24.202
HOT,194,2007,8,5,8/5/07,176428800,22.75,-158,0.65,NaN,771,177,20.1271,34.8536,150,24.623
HOT,194,2007,8,5,8/5/07,176428800,22.75,-158,14.6,2.21,131,33.4,18.5201,34.7141,175,24.939
HOT,194,2007,8,5,8/5/07,176428800,22.75,-158,26.4,9.55,0.65,NaN,16.5031,NaN,200,NaN
HOT,195,2007,9,4,9/4/07,179020800,22.75,-158,99700,8300,NaN,NaN,26.5414,35.1109,5,22.943
HOT,195,2007,9,4,9/4/07,179020800,22.75,-158,133000,8970,0.65,NaN,26.5381,35.1332,25,22.99
HOT,195,2007,9,4,9/4/07,179020800,22.75,-158,106000,9220,0.65,NaN,26.3909,35.1697,45,23.054
HOT,195,2007,9,4,9/4/07,179020800,22.75,-158,71500,9730,NaN,NaN,25.4212,NaN,60,NaN
HOT,195,2007,9,4,9/4/07,179020800,22.75,-158,42000,8190,119,35.2,24.1313,35.1841,75,23.755
HOT,195,2007,9,4,9/4/07,179020800,22.75,-158,46700,4330,4440,790,23.7607,NaN,85,NaN
HOT,195,2007,9,4,9/4/07,179020800,22.75,-158,1520,237,13500,2120,22.7484,35.185,100,24.146
HOT,195,2007,9,4,9/4/07,179020800,22.75,-158,38.7,14.7,1960,794,22.3904,NaN,115,NaN
HOT,195,2007,9,4,9/4/07,179020800,22.75,-158,NaN,NaN,597,87.9,21.4979,35.1501,125,24.474
HOT,195,2007,9,4,9/4/07,179020800,22.75,-158,17.5,1.26,788,238,20.5593,35.0827,150,24.691
HOT,195,2007,9,4,9/4/07,179020800,22.75,-158,14.1,5.13,164,60.6,19.3686,34.977,175,24.923
HOT,195,2007,9,4,9/4/07,179020800,22.75,-158,0.65,NaN,111,22.3,17.7621,NaN,200,NaN
HOT,196,2007,10,4,10/4/07,181612800,22.75,-158,42200,1530,0.65,NaN,26.0884,35.0838,5,23.069
HOT,196,2007,10,4,10/4/07,181612800,22.75,-158,39400,2260,0.65,NaN,26.0926,35.0836,25,23.068
HOT,196,2007,10,4,10/4/07,181612800,22.75,-158,39000,5320,NaN,NaN,26.0917,35.0831,45,23.069
HOT,196,2007,10,4,10/4/07,181612800,22.75,-158,38500,1060,0.65,NaN,26.0888,NaN,60,NaN
HOT,196,2007,10,4,10/4/07,181612800,22.75,-158,39100,7140,13.5,5.75,25.9115,35.1101,75,23.144
HOT,196,2007,10,4,10/4/07,181612800,22.75,-158,37500,4670,190,34.4,25.1125,NaN,85,NaN
HOT,196,2007,10,4,10/4/07,181612800,22.75,-158,20900,1420,2460,255,23.9761,35.1189,100,23.741
HOT,196,2007,10,4,10/4/07,181612800,22.75,-158,5980,875,4490,758,23.0877,NaN,115,NaN
HOT,196,2007,10,4,10/4/07,181612800,22.75,-158,3110,668,6000,1010,22.6592,35.1793,125,24.173
HOT,196,2007,10,4,10/4/07,181612800,22.75,-158,124,9.61,2240,360,21.4863,35.1706,150,24.496
HOT,196,2007,10,4,10/4/07,181612800,22.75,-158,13.3,5.12,735,188,20.1409,35.0727,175,24.787
HOT,196,2007,10,4,10/4/07,181612800,22.75,-158,0.65,NaN,95.3,24.1,18.54,NaN,200,NaN
HOT,197,2007,12,3,12/3/07,186796800,22.75,-158,24800,3720,54.6,22.8,25.0918,35.0199,5,23.333
HOT,197,2007,12,3,12/3/07,186796800,22.75,-158,29200,7570,45.5,17.7,25.0832,35.0528,25,23.355
HOT,197,2007,12,3,12/3/07,186796800,22.75,-158,28600,5910,0.65,NaN,25.0678,35.0729,45,23.382
HOT,197,2007,12,3,12/3/07,186796800,22.75,-158,31000,9000,23.5,7.33,25.0626,NaN,60,NaN
HOT,197,2007,12,3,12/3/07,186796800,22.75,-158,28100,7750,198,60.6,24.8443,35.0997,75,23.459
HOT,197,2007,12,3,12/3/07,186796800,22.75,-158,22600,5470,781,142,23.7914,NaN,85,NaN
HOT,197,2007,12,3,12/3/07,186796800,22.75,-158,2370,421,6750,586,22.6582,35.0268,100,24.07
HOT,197,2007,12,3,12/3/07,186796800,22.75,-158,103,42.9,4700,1690,21.9432,NaN,115,NaN
HOT,197,2007,12,3,12/3/07,186796800,22.75,-158,45.9,17.3,2540,784,21.091,35.0008,125,24.477
HOT,197,2007,12,3,12/3/07,186796800,22.75,-158,0.65,NaN,189,18.1,20.0054,34.9918,150,24.766
HOT,197,2007,12,3,12/3/07,186796800,22.75,-158,14.4,3.19,10.9,2.51,18.8159,34.8489,175,24.966
HOT,197,2007,12,3,12/3/07,186796800,22.75,-158,8.08,3.7,0.65,NaN,16.8493,NaN,200,NaN
HOT,198,2007,12,22,12/22/07,188438400,22.75,-158,30400,1470,436,83.5,24.5027,35.0132,5,23.506
HOT,198,2007,12,22,12/22/07,188438400,22.75,-158,34100,2320,437,69.3,24.5005,35.0137,25,23.523
HOT,198,2007,12,22,12/22/07,188438400,22.75,-158,29700,1880,509,29.5,24.4987,35.0228,45,23.518
HOT,198,2007,12,22,12/22/07,188438400,22.75,-158,36400,3480,889,102,24.4672,NaN,60,NaN
HOT,198,2007,12,22,12/22/07,188438400,22.75,-158,29700,1270,1240,201,24.4731,35.0396,75,23.534
HOT,198,2007,12,22,12/22/07,188438400,22.75,-158,23500,2880,1890,398,24.4442,NaN,85,NaN
HOT,198,2007,12,22,12/22/07,188438400,22.75,-158,17600,2370,1800,273,24.3287,35.0687,100,23.601
HOT,198,2007,12,22,12/22/07,188438400,22.75,-158,8960,2440,4180,1140,23.6244,NaN,115,NaN
HOT,198,2007,12,22,12/22/07,188438400,22.75,-158,3620,219,4850,232,22.8926,35.1005,125,24.051
HOT,198,2007,12,22,12/22/07,188438400,22.75,-158,196,10.7,795,139,21.632,35.1198,150,24.416
HOT,198,2007,12,22,12/22/07,188438400,22.75,-158,NaN,NaN,257,19.1,20.6273,35.0962,175,24.674
HOT,198,2007,12,22,12/22/07,188438400,22.75,-158,0.65,NaN,19.8,5.27,19.5382,NaN,200,NaN
HOT,199,2008,1,31,1/31/08,191894400,22.75,-158,18300,6690,524,185,NaN,NaN,5,NaN
HOT,199,2008,1,31,1/31/08,191894400,22.75,-158,15200,4710,428,129,NaN,NaN,25,NaN
HOT,199,2008,1,31,1/31/08,191894400,22.75,-158,21300,861,555,84.9,NaN,NaN,45,NaN
HOT,199,2008,1,31,1/31/08,191894400,22.75,-158,20000,4790,509,192,NaN,NaN,60,NaN
HOT,199,2008,1,31,1/31/08,191894400,22.75,-158,26400,4540,716,119,NaN,NaN,75,NaN
HOT,199,2008,1,31,1/31/08,191894400,22.75,-158,18300,6480,458,109,NaN,NaN,85,NaN
HOT,199,2008,1,31,1/31/08,191894400,22.75,-158,24400,3510,792,138,NaN,NaN,100,NaN
HOT,199,2008,1,31,1/31/08,191894400,22.75,-158,24100,6950,669,224,NaN,NaN,115,NaN
HOT,199,2008,1,31,1/31/08,191894400,22.75,-158,12300,2580,2450,673,NaN,NaN,125,NaN
HOT,199,2008,1,31,1/31/08,191894400,22.75,-158,0.65,NaN,825,94.8,NaN,NaN,150,NaN
HOT,199,2008,1,31,1/31/08,191894400,22.75,-158,0.65,NaN,63.1,7.35,NaN,NaN,175,NaN
HOT,199,2008,1,31,1/31/08,191894400,22.75,-158,0.65,NaN,0.65,NaN,NaN,NaN,200,NaN
