20100001,1997.075352,31.657,64.212,,,,8,,,,7.9443,20.3884,5.0543,36.8178,218.706,0.446,0.229,,,-9.99
20100001,1997.075352,31.657,64.212,,,10,,,,9.9304,20.3886,5.0544,36.8177,218.589,0.446,0.231,,,-9.99,
20100001,1997.075352,31.657,64.212,,,12,,,11.9164,20.3886,5.0545,36.8177,218.328,0.445,0.235,,,-9.99,,
20100001,1997.075352,31.657,64.212,,,14,,,13.9024,20.3873,5.0544,36.8175,217.976,0.445,0.241,,,-9.99,,
20100001,1997.075352,31.657,64.212,,,16,,,15.8884,20.3819,5.0539,36.8172,217.893,0.446,0.261,,,-9.99,,
20100001,1997.075352,31.657,64.212,,,18,,,17.8743,20.3816,5.054,36.8174,217.754,0.447,0.282,,,-9.99,,
20100001,1997.075352,31.657,64.212,,,20,,,19.8603,20.3777,5.0536,36.8172,217.785,0.447,0.287,,,-9.99,,
20100001,1997.075352,31.657,64.212,,,22,,,21.8462,20.3744,5.0533,36.8168,218.017,0.447,0.307,,,-9.99,,
20100001,1997.075352,31.657,64.212,,,24,,,23.8321,20.373,5.0532,36.8165,217.841,0.447,0.331,,,-9.99,,
20100001,1997.075352,31.657,64.212,,,26,,,25.818,20.3739,5.0535,36.8169,217.77,0.447,0.335,,,-9.99,,
20100001,1997.075352,31.657,64.212,,,28,,,27.8039,20.375,5.0537,36.8169,217.917,0.447,0.342,,,-9.99,,
20100001,1997.075352,31.657,64.212,,,30,,,29.7897,20.3759,5.0539,36.817,217.875,0.448,0.353,,,-9.99,,
20100001,1997.075352,31.657,64.212,,,32,,,31.7755,20.3766,5.0541,36.8172,217.815,0.448,0.373,,,-9.99,,
20100001,1997.075352,31.657,64.212,,,34,,,33.7613,20.3768,5.0542,36.8174,217.641,0.448,0.381,,,-9.99,,
20100001,1997.075352,31.657,64.212,,,36,,,35.7471,20.3767,5.0543,36.8173,217.385,0.452,0.395,,,-9.99,,
20100001,1997.075352,31.657,64.212,,,38,,,37.7329,20.3765,5.0543,36.8173,217.098,0.448,0.414,,,-9.99,,
20100001,1997.075352,31.657,64.212,,,40,,,39.7186,20.3766,5.0544,36.8171,217.381,0.449,0.402,,,-9.99,,
20100001,1997.075352,31.657,64.212,,,42,,,41.7044,20.3768,5.0545,36.8171,217.356,0.449,0.405,,,-9.99,,
20100001,1997.075352,31.657,64.212,,,44,,,43.6901,20.3772,5.0547,36.8171,217.223,0.447,0.408,,,-9.99,,
20100001,1997.075352,31.657,64.212,,,46,,,45.6758,20.373,5.0542,36.8158,217.273,0.446,0.415,,,-9.99,,
20100001,1997.075352,31.657,64.212,,,48,,,47.6614,20.3703,5.0538,36.8148,217.266,0.445,0.421,,,-9.99,,
20100001,1997.075352,31.657,64.212,,,50,,,49.6471,20.3696,5.0538,36.8144,217.248,0.446,0.421,,,-9.99,,
20100001,1997.075352,31.657,64.212,,,52,,,51.6327,20.3698,5.0539,36.8144,217.24,0.447,0.419,,,-9.99,,
20100001,1997.075352,31.657,64.212,,,54,,,53.6183,20.369,5.0539,36.814,217.119,0.445,0.426,,,-9.99,,
20100001,1997.075352,31.657,64.212,,,56,,,55.6039,20.3687,5.0539,36.814,217.113,0.446,0.418,,,-9.99,,
20100001,1997.075352,31.657,64.212,,,58,,,57.5895,20.3674,5.0538,36.8135,217.068,0.444,0.423,,,-9.99,,
20100001,1997.075352,31.657,64.212,,,60,,,59.5751,20.3668,5.0539,36.8136,217.139,0.445,0.424,,,-9.99,,
20100001,1997.075352,31.657,64.212,,,62,,,61.5606,20.3695,5.0543,36.8142,216.993,0.444,0.422,,,-9.99,,
20100001,1997.075352,31.657,64.212,,,64,,,63.5461,20.3714,5.0546,36.8145,216.719,0.445,0.423,,,-9.99,,
20100001,1997.075352,31.657,64.212,,,66,,,65.5316,20.3707,5.0546,36.8141,216.89,0.445,0.423,,,-9.99,,
20100001,1997.075352,31.657,64.212,,,68,,,67.5171,20.3704,5.0546,36.8137,216.95,0.445,0.419,,,-9.99,,
20100001,1997.075352,31.657,64.212,,,70,,,69.5025,20.3709,5.0548,36.8137,216.963,0.445,0.414,,,-9.99,,
20100001,1997.075352,31.657,64.212,,,72,,,71.488,20.3732,5.0552,36.8145,217.012,0.445,0.416,,,-9.99,,
20100001,1997.075352,31.657,64.212,,,74,,,73.4734,20.375,5.0555,36.8151,217.082,0.446,0.424,,,-9.99,,
20100001,1997.075352,31.657,64.212,,,76,,,75.4588,20.3764,5.0558,36.8156,217.065,0.446,0.423,,,-9.99,,
20100001,1997.075352,31.657,64.212,,,78,,,77.4442,20.3762,5.0559,36.8153,217.087,0.446,0.416,,,-9.99,,
20100001,1997.075352,31.657,64.212,,,80,,,79.4296,20.3763,5.056,36.8152,217.043,0.446,0.403,,,-9.99,,
20100001,1997.075352,31.657,64.212,,,82,,,81.4149,20.3761,5.056,36.815,217.048,0.446,0.401,,,-9.99,,
20100001,1997.075352,31.657,64.212,,,84,,,83.4002,20.3764,5.0561,36.8151,217.082,0.446,0.406,,,-9.99,,
20100001,1997.075352,31.657,64.212,,,86,,,85.3855,20.378,5.0565,36.8155,217.137,0.445,0.414,,,-9.99,,
20100001,1997.075352,31.657,64.212,,,88,,,87.3708,20.3788,5.0567,36.8157,217.069,0.446,0.416,,,-9.99,,
20100001,1997.075352,31.657,64.212,,,90,,,89.3561,20.3785,5.0567,36.8154,216.911,0.446,0.412,,,-9.99,,
20100001,1997.075352,31.657,64.212,,,92,,,91.3413,20.3783,5.0567,36.8153,216.8,0.446,0.405,,,-9.99,,
20100001,1997.075352,31.657,64.212,,,94,,,93.3266,20.3802,5.0571,36.8158,216.909,0.446,0.407,,,-9.99,,
20100001,1997.075352,31.657,64.212,,,96,,,95.3118,20.38,5.0571,36.8156,217.323,0.446,0.408,,,-9.99,,
20100001,1997.075352,31.657,64.212,,,98,,,97.297,20.3785,5.057,36.815,217.636,0.447,0.415,,,-9.99,,
20100001,1997.075352,31.657,64.212,,100,,,99.2821,20.3755,5.0566,36.8138,217.18,0.446,0.422,,,-9.99,,,
20100001,1997.075352,31.657,64.212,,102,,101.2673,20.3705,5.056,36.8124,217.218,0.443,0.418,,,-9.99,,,,
20100001,1997.075352,31.657,64.212,,104,,103.2524,20.3739,5.0566,36.8133,217.305,0.444,0.41,,,-9.99,,,,
20100001,1997.075352,31.657,64.212,,106,,105.2375,20.374,5.0567,36.8133,217.342,0.443,0.398,,,-9.99,,,,
20100001,1997.075352,31.657,64.212,,108,,107.2226,20.3761,5.057,36.8137,217.102,0.443,0.397,,,-9.99,,,,
20100001,1997.075352,31.657,64.212,,110,,109.2077,20.3751,5.057,36.8134,216.896,0.444,0.399,,,-9.99,,,,
20100001,1997.075352,31.657,64.212,,112,,111.1928,20.3623,5.0553,36.8099,216.514,0.444,0.4,,,-9.99,,,,
20100001,1997.075352,31.657,64.212,,114,,113.1778,20.2335,5.0377,36.7775,214.512,0.436,0.375,,,-9.99,,,,
20100001,1997.075352,31.657,64.212,,116,,115.1628,20.0674,5.0157,36.7403,212.634,0.421,0.295,,,-9.99,,,,
20100001,1997.075352,31.657,64.212,,118,,117.1478,20.0114,5.0089,36.7324,212.391,0.417,0.248,,,-9.99,,,,
20100001,1997.075352,31.657,64.212,,120,,119.1328,19.9197,4.9976,36.7189,211.715,0.411,0.181,,,-9.99,,,,
20100001,1997.075352,31.657,64.212,,122,,121.1177,19.8412,4.9883,36.7096,211.188,0.41,0.158,,,-9.99,,,,
20100001,1997.075352,31.657,64.212,,124,,123.1027,19.6786,4.969,36.6914,209.718,0.409,0.155,,,-9.99,,,,
20100001,1997.075352,31.657,64.212,,126,,125.0876,19.5499,4.9539,36.6781,208.381,0.407,0.149,,,-9.99,,,,
20100001,1997.075352,31.657,64.212,,128,,127.0725,19.4583,4.9432,36.6684,207.33,0.405,0.146,,,-9.99,,,,
20100001,1997.075352,31.657,64.212,,130,,129.0574,19.4195,4.9387,36.6646,206.422,0.404,0.14,,,-9.99,,,,
20100001,1997.075352,31.657,64.212,,132,,131.0423,19.319,4.9266,36.6513,204.785,0.402,0.132,,,-9.99,,,,
20100001,1997.075352,31.657,64.212,,134,,133.0271,19.1661,4.9088,36.6357,203.554,0.4,0.125,,,-9.99,,,,
20100001,1997.075352,31.657,64.212,,136,,135.0119,19.0351,4.8937,36.6238,202.408,0.398,0.119,,,-9.99,,,,
20100001,1997.075352,31.657,64.212,,138,,136.9967,18.9295,4.8815,36.6135,201.596,0.397,0.121,,,-9.99,,,,
20100001,1997.075352,31.657,64.212,,140,,138.9815,18.8758,4.8754,36.6096,201.085,0.397,0.125,,,-9.99,,,,
20100001,1997.075352,31.657,64.212,,142,,140.9663,18.7844,4.865,36.6018,200.51,0.395,0.128,,,-9.99,,,,
20100001,1997.075352,31.657,64.212,,144,,142.951,18.7954,4.8665,36.6037,200.328,0.395,0.13,,,-9.99,,,,
20100001,1997.075352,31.657,64.212,,146,,144.9358,18.7533,4.8617,36.5998,200.064,0.395,0.13,,,-9.99,,,,
20100001,1997.075352,31.657,64.212,,148,,146.9205,18.7233,4.8583,36.5966,199.923,0.394,0.118,,,-9.99,,,,
20100001,1997.075352,31.657,64.212,,150,,148.9052,18.7115,4.8569,36.5947,199.751,0.394,0.104,,,-9.99,,,,
20100001,1997.075352,31.657,64.212,,152,,150.8898,18.6934,4.8549,36.5927,199.78,0.393,0.113,,,-9.99,,,,
20100001,1997.075352,31.657,64.212,,154,,152.8745,18.6724,4.8526,36.5909,199.58,0.393,0.112,,,-9.99,,,,
20100001,1997.075352,31.657,64.212,,156,,154.8591,18.6435,4.8493,36.5885,199.552,0.393,0.099,,,-9.99,,,,
20100001,1997.075352,31.657,64.212,,158,,156.8437,18.6088,4.8454,36.5851,199.308,0.393,0.105,,,-9.99,,,,
20100001,1997.075352,31.657,64.212,,160,,158.8283,18.5585,4.8397,36.5803,199.456,0.392,0.101,,,-9.99,,,,
20100001,1997.075352,31.657,64.212,,162,,160.8129,18.5272,4.8362,36.5778,199.604,0.391,0.097,,,-9.99,,,,
20100001,1997.075352,31.657,64.212,,164,,162.7975,18.5035,4.8336,36.576,199.773,0.391,0.091,,,-9.99,,,,
20100001,1997.075352,31.657,64.212,,166,,164.782,18.4909,4.8323,36.5754,199.764,0.391,0.083,,,-9.99,,,,
20100001,1997.075352,31.657,64.212,,168,,166.7665,18.4802,4.8311,36.5741,199.855,0.39,0.08,,,-9.99,,,,
20100001,1997.075352,31.657,64.212,,170,,168.751,18.4559,4.8283,36.5714,200.215,0.389,0.08,,,-9.99,,,,
20100001,1997.075352,31.657,64.212,,172,,170.7355,18.4383,4.8264,36.57,200.35,0.389,0.071,,,-9.99,,,,
20100001,1997.075352,31.657,64.212,,174,,172.7199,18.4295,4.8255,36.5692,200.48,0.388,0.064,,,-9.99,,,,
20100001,1997.075352,31.657,64.212,,176,,174.7044,18.4203,4.8245,36.5683,200.579,0.388,0.064,,,-9.99,,,,
20100001,1997.075352,31.657,64.212,,178,,176.6888,18.4062,4.8229,36.5665,200.605,0.388,0.061,,,-9.99,,,,
20100001,1997.075352,31.657,64.212,,180,,178.6732,18.3783,4.8197,36.5629,200.906,0.388,0.06,,,-9.99,,,,
20100001,1997.075352,31.657,64.212,,182,,180.6576,18.3679,4.8185,36.5617,201.03,0.387,0.058,,,-9.99,,,,
20100001,1997.075352,31.657,64.212,,184,,182.642,18.3524,4.8168,36.5602,201.384,0.386,0.06,,,-9.99,,,,
20100001,1997.075352,31.657,64.212,,186,,184.6263,18.3525,4.817,36.5604,201.416,0.386,0.054,,,-9.99,,,,
20100001,1997.075352,31.657,64.212,,188,,186.6106,18.3427,4.8159,36.5595,201.685,0.386,0.046,,,-9.99,,,,
20100001,1997.075352,31.657,64.212,,190,,188.5949,18.3277,4.8143,36.5583,202.112,0.386,0.039,,,-9.99,,,,
20100001,1997.075352,31.657,64.212,,192,,190.5792,18.3186,4.8134,36.5579,202.316,0.385,0.042,,,-9.99,,,,
20100001,1997.075352,31.657,64.212,,194,,192.5635,18.3075,4.8122,36.5568,202.345,0.385,0.042,,,-9.99,,,,
20100001,1997.075352,31.657,64.212,,196,,194.5477,18.2976,4.8111,36.5558,202.42,0.385,0.042,,,-9.99,,,,
20100001,1997.075352,31.657,64.212,,198,,196.532,18.2903,4.8103,36.5548,202.649,0.385,0.046,,,-9.99,,,,
20100001,1997.075352,31.657,64.212,,200,,198.5162,18.2776,4.8089,36.5528,202.849,0.385,0.044,,,-9.99,,,,
20100001,1997.075352,31.657,64.212,,202,,200.5004,18.2656,4.8075,36.551,202.963,0.385,0.043,,,-9.99,,,,
20100001,1997.075352,31.657,64.212,,204,,202.4845,18.2563,4.8065,36.5498,202.968,0.385,0.037,,,-9.99,,,,
20100001,1997.075352,31.657,64.212,,206,,204.4687,18.2464,4.8054,36.5484,203.148,0.384,0.039,,,-9.99,,,,
20100001,1997.075352,31.657,64.212,,208,,206.4528,18.2299,4.8035,36.5463,203.346,0.384,0.038,,,-9.99,,,,
20100001,1997.075352,31.657,64.212,,210,,208.437,18.211,4.8013,36.5435,203.531,0.384,0.043,,,-9.99,,,,
20100001,1997.075352,31.657,64.212,,212,,210.421,18.2008,4.8001,36.5418,203.56,0.384,0.048,,,-9.99,,,,
20100001,1997.075352,31.657,64.212,,214,,212.4051,18.1916,4.7991,36.5404,203.615,0.384,0.041,,,-9.99,,,,
20100001,1997.075352,31.657,64.212,,216,,214.3892,18.1848,4.7984,36.5395,203.861,0.385,0.044,,,-9.99,,,,
20100001,1997.075352,31.657,64.212,,218,,216.3732,18.1803,4.7979,36.5392,203.812,0.384,0.037,,,-9.99,,,,
20100001,1997.075352,31.657,64.212,,220,,218.3572,18.1791,4.798,36.5403,204.137,0.384,0.046,,,-9.99,,,,
20100001,1997.075352,31.657,64.212,,222,,220.3412,18.1753,4.7977,36.5404,204.415,0.384,0.042,,,-9.99,,,,
20100001,1997.075352,31.657,64.212,,224,,222.3252,18.1714,4.7974,36.54,204.51,0.389,0.037,,,-9.99,,,,
20100001,1997.075352,31.657,64.212,,226,,224.3092,18.1716,4.7975,36.54,204.623,0.386,0.038,,,-9.99,,,,
20100001,1997.075352,31.657,64.212,,228,,226.2931,18.1733,4.7979,36.5415,204.707,0.384,0.029,,,-9.99,,,,
20100001,1997.075352,31.657,64.212,,230,,228.277,18.1733,4.7982,36.5431,205.021,0.383,0.029,,,-9.99,,,,
20100001,1997.075352,31.657,64.212,,232,,230.261,18.1698,4.798,36.5437,205.292,0.383,0.031,,,-9.99,,,,
20100001,1997.075352,31.657,64.212,,234,,232.2448,18.1656,4.7976,36.5429,205.448,0.383,0.035,,,-9.99,,,,
20100001,1997.075352,31.657,64.212,,236,,234.2287,18.1605,4.797,36.5423,205.546,0.383,0.035,,,-9.99,,,,
20100001,1997.075352,31.657,64.212,,238,,236.2126,18.1518,4.7961,36.5411,205.743,0.383,0.038,,,-9.99,,,,
20100001,1997.075352,31.657,64.212,,240,,238.1964,18.147,4.7956,36.5405,205.911,0.383,0.04,,,-9.99,,,,
20100001,1997.075352,31.657,64.212,,242,,240.1802,18.1459,4.7956,36.5406,206.044,0.383,0.038,,,-9.99,,,,
20100001,1997.075352,31.657,64.212,,244,,242.164,18.1413,4.7951,36.54,206.161,0.383,0.041,,,-9.99,,,,
20100001,1997.075352,31.657,64.212,,246,,244.1477,18.1352,4.7946,36.5398,206.367,0.383,0.037,,,-9.99,,,,
20100001,1997.075352,31.657,64.212,,248,,246.1315,18.1308,4.7942,36.5398,206.653,0.383,0.045,,,-9.99,,,,
20100001,1997.075352,31.657,64.212,,250,,248.1152,18.1288,4.7941,36.5398,206.85,0.383,0.043,,,-9.99,,,,
20100001,1997.075352,31.657,64.212,,252,,250.0989,18.1242,4.7936,36.5394,206.934,0.383,0.036,,,-9.99,,,,
20100001,1997.075352,31.657,64.212,,254,,252.0826,18.1162,4.7928,36.5385,206.955,0.383,0.03,,,-9.99,,,,
20100001,1997.075352,31.657,64.212,,256,,254.0663,18.109,4.7921,36.5382,206.916,0.383,0.024,,,-9.99,,,,
20100001,1997.075352,31.657,64.212,,258,,256.05,18.1033,4.7915,36.5375,207.014,0.383,0.033,,,-9.99,,,,
20100001,1997.075352,31.657,64.212,,260,,258.0336,18.0977,4.791,36.537,207.166,0.383,0.046,,,-9.99,,,,
20100001,1997.075352,31.657,64.212,,262,,260.0172,18.0923,4.7905,36.5367,207.217,0.383,0.038,,,-9.99,,,,
20100001,1997.075352,31.657,64.212,,264,,262.0008,18.0907,4.7904,36.5373,207.363,0.382,0.036,,,-9.99,,,,
20100001,1997.075352,31.657,64.212,,266,,263.9844,18.086,4.79,36.5371,207.44,0.383,0.039,,,-9.99,,,,
20100001,1997.075352,31.657,64.212,,268,,265.968,18.0806,4.7894,36.5358,207.431,0.383,0.041,,,-9.99,,,,
20100001,1997.075352,31.657,64.212,,270,,267.9515,18.0725,4.7885,36.5344,207.489,0.384,0.04,,,-9.99,,,,
20100001,1997.075352,31.657,64.212,,272,,269.935,18.0657,4.7877,36.5333,207.585,0.384,0.034,,,-9.99,,,,
20100001,1997.075352,31.657,64.212,,274,,271.9185,18.0592,4.787,36.5322,207.697,0.384,0.031,,,-9.99,,,,
20100001,1997.075352,31.657,64.212,,276,,273.902,18.0543,4.7865,36.5316,207.815,0.384,0.036,,,-9.99,,,,
20100001,1997.075352,31.657,64.212,,278,,275.8855,18.0454,4.7855,36.5304,207.863,0.385,0.03,,,-9.99,,,,
20100001,1997.075352,31.657,64.212,,280,,277.8689,18.0398,4.785,36.5301,207.908,0.385,0.035,,,-9.99,,,,
20100001,1997.075352,31.657,64.212,,282,,279.8523,18.0343,4.7845,36.5299,207.978,0.385,0.043,,,-9.99,,,,
20100001,1997.075352,31.657,64.212,,284,,281.8357,18.0312,4.7843,36.53,208.068,0.384,0.041,,,-9.99,,,,
20100001,1997.075352,31.657,64.212,,286,,283.8191,18.028,4.7841,36.5301,208.157,0.384,0.031,,,-9.99,,,,
20100001,1997.075352,31.657,64.212,,288,,285.8025,18.0228,4.7836,36.5302,208.156,0.384,0.027,,,-9.99,,,,
20100001,1997.075352,31.657,64.212,,290,,287.7858,18.0162,4.7829,36.5293,208.207,0.384,0.039,,,-9.99,,,,
20100001,1997.075352,31.657,64.212,,292,,289.7692,18.0101,4.7823,36.5283,208.302,0.384,0.029,,,-9.99,,,,
20100001,1997.075352,31.657,64.212,,294,,291.7525,18.0073,4.782,36.5277,208.394,0.385,0.033,,,-9.99,,,,
20100001,1997.075352,31.657,64.212,,296,,293.7358,17.99,4.78,36.525,208.329,0.384,0.04,,,-9.99,,,,
20100001,1997.075352,31.657,64.212,,298,,295.7191,17.988,4.78,36.5261,208.39,0.385,0.031,,,-9.99,,,,
20100001,1997.075352,31.657,64.212,,300,,297.7023,17.9872,4.78,36.5261,208.421,0.385,0.031,,,-9.99,,,,
20100001,1997.075352,31.657,64.212,,302,,299.6855,17.982,4.7794,36.5253,208.296,0.385,0.03,,,-9.99,,,,
20100001,1997.075352,31.657,64.212,,304,,301.6688,17.9763,4.7788,36.5244,208.24,0.385,0.031,,,-9.99,,,,
20100001,1997.075352,31.657,64.212,,306,,303.652,17.969,4.778,36.5231,208.171,0.384,0.033,,,-9.99,,,,
20100001,1997.075352,31.657,64.212,,308,,305.6351,17.9624,4.7772,36.5216,208.146,0.384,0.039,,,-9.99,,,,
20100001,1997.075352,31.657,64.212,,310,,307.6183,17.9503,4.7758,36.5194,208.083,0.385,0.036,,,-9.99,,,,
20100001,1997.075352,31.657,64.212,,312,,309.6014,17.9442,4.7751,36.5185,208.004,0.385,0.035,,,-9.99,,,,
20100001,1997.075352,31.657,64.212,,314,,311.5845,17.9383,4.7745,36.5175,207.868,0.385,0.036,,,-9.99,,,,
20100001,1997.075352,31.657,64.212,,316,,313.5677,17.9293,4.7735,36.5159,207.673,0.387,0.033,,,-9.99,,,,
20100001,1997.075352,31.657,64.212,,318,,315.5507,17.9211,4.7725,36.5144,207.741,0.386,0.029,,,-9.99,,,,
20100001,1997.075352,31.657,64.212,,320,,317.5338,17.9154,4.772,36.5139,207.699,0.386,0.03,,,-9.99,,,,
20100001,1997.075352,31.657,64.212,,322,,319.5168,17.916,4.7723,36.5152,207.73,0.387,0.032,,,-9.99,,,,
20100001,1997.075352,31.657,64.212,,324,,321.4999,17.9174,4.7727,36.5171,207.817,0.386,0.032,,,-9.99,,,,
20100001,1997.075352,31.657,64.212,,326,,323.4829,17.9147,4.7725,36.5169,207.782,0.386,0.035,,,-9.99,,,,
20100001,1997.075352,31.657,64.212,,328,,325.4659,17.9095,4.772,36.516,207.81,0.386,0.035,,,-9.99,,,,
20100001,1997.075352,31.657,64.212,,330,,327.4488,17.9056,4.7716,36.5153,207.886,0.386,0.031,,,-9.99,,,,
20100001,1997.075352,31.657,64.212,,332,,329.4318,17.9,4.7709,36.5141,207.974,0.386,0.029,,,-9.99,,,,
20100001,1997.075352,31.657,64.212,,334,,331.4147,17.8931,4.7701,36.5125,207.932,0.386,0.024,,,-9.99,,,,
20100001,1997.075352,31.657,64.212,,336,,333.3976,17.8873,4.7694,36.5111,207.848,0.386,0.029,,,-9.99,,,,
20100001,1997.075352,31.657,64.212,,338,,335.3805,17.878,4.7683,36.5091,207.7,0.386,0.034,,,-9.99,,,,
20100001,1997.075352,31.657,64.212,,340,,337.3634,17.8677,4.7671,36.5072,207.616,0.386,0.035,,,-9.99,,,,
20100001,1997.075352,31.657,64.212,,342,,339.3462,17.8552,4.7656,36.5046,207.399,0.386,0.031,,,-9.99,,,,
20100001,1997.075352,31.657,64.212,,344,,341.3291,17.8444,4.7643,36.5023,207.289,0.386,0.028,,,-9.99,,,,
20100001,1997.075352,31.657,64.212,,346,,343.3119,17.8368,4.7634,36.5005,206.988,0.385,0.024,,,-9.99,,,,
20100001,1997.075352,31.657,64.212,,348,,345.2947,17.8173,4.761,36.4963,206.962,0.386,0.03,,,-9.99,,,,
20100001,1997.075352,31.657,64.212,,350,,347.2774,17.7993,4.7587,36.4921,206.667,0.386,0.036,,,-9.99,,,,
20100001,1997.075352,31.657,64.212,,352,,349.2602,17.7685,4.7549,36.4857,206.312,0.385,0.036,,,-9.99,,,,
20100001,1997.075352,31.657,64.212,,354,,351.2429,17.7554,4.7533,36.4834,206.256,0.385,0.023,,,-9.99,,,,
20100001,1997.075352,31.657,64.212,,356,,353.2257,17.7479,4.7525,36.482,205.887,0.385,0.038,,,-9.99,,,,
20100001,1997.075352,31.657,64.212,,358,,355.2084,17.7222,4.7493,36.4768,205.547,0.386,0.041,,,-9.99,,,,
20100001,1997.075352,31.657,64.212,,360,,357.191,17.6975,4.7462,36.4717,205.214,0.386,0.034,,,-9.99,,,,
20100001,1997.075352,31.657,64.212,,362,,359.1737,17.6788,4.7439,36.4679,204.646,0.385,0.038,,,-9.99,,,,
20100001,1997.075352,31.657,64.212,,364,,361.1563,17.6572,4.7415,36.4652,204.584,0.385,0.042,,,-9.99,,,,
20100001,1997.075352,31.657,64.212,,366,,363.139,17.6506,4.7408,36.4642,204.462,0.385,0.042,,,-9.99,,,,
20100001,1997.075352,31.657,64.212,,368,,365.1216,17.6432,4.7399,36.4626,204.278,0.385,0.036,,,-9.99,,,,
20100001,1997.075352,31.657,64.212,,370,,367.1042,17.6337,4.7389,36.4614,204.026,0.385,0.033,,,-9.99,,,,
20100001,1997.075352,31.657,64.212,,372,,369.0867,17.6137,4.7364,36.4574,203.753,0.385,0.03,,,-9.99,,,,
20100001,1997.075352,31.657,64.212,,374,,371.0693,17.6024,4.7351,36.455,203.629,0.385,0.031,,,-9.99,,,,
20100001,1997.075352,31.657,64.212,,376,,373.0518,17.5892,4.7335,36.4525,203.469,0.385,0.035,,,-9.99,,,,
20100001,1997.075352,31.657,64.212,,378,,375.0343,17.5841,4.7329,36.4516,203.36,0.386,0.041,,,-9.99,,,,
20100001,1997.075352,31.657,64.212,,380,,377.0168,17.5833,4.7329,36.4513,203.168,0.386,0.047,,,-9.99,,,,
20100001,1997.075352,31.657,64.212,,382,,378.9993,17.5809,4.7327,36.4506,202.955,0.386,0.049,,,-9.99,,,,
20100001,1997.075352,31.657,64.212,,384,,380.9817,17.5667,4.731,36.4481,202.897,0.385,0.04,,,-9.99,,,,
20100001,1997.075352,31.657,64.212,,386,,382.9642,17.5531,4.7294,36.4457,202.785,0.385,0.031,,,-9.99,,,,
20100001,1997.075352,31.657,64.212,,388,,384.9466,17.5411,4.728,36.4439,202.566,0.386,0.029,,,-9.99,,,,
20100001,1997.075352,31.657,64.212,,390,,386.929,17.5393,4.7279,36.4437,202.494,0.386,0.031,,,-9.99,,,,
20100001,1997.075352,31.657,64.212,,392,,388.9113,17.5243,4.7261,36.4409,202.227,0.386,0.033,,,-9.99,,,,
20100001,1997.075352,31.657,64.212,,394,,390.8937,17.5094,4.7244,36.438,202.028,0.386,0.037,,,-9.99,,,,
20100001,1997.075352,31.657,64.212,,396,,392.876,17.4981,4.723,36.4356,201.986,0.387,0.033,,,-9.99,,,,
20100001,1997.075352,31.657,64.212,,398,,394.8584,17.4742,4.72,36.4306,201.57,0.385,0.031,,,-9.99,,,,
20100001,1997.075352,31.657,64.212,,400,,396.8407,17.449,4.7169,36.4254,201.507,0.387,0.029,,,-9.99,,,,
20100001,1997.075352,31.657,64.212,,402,,398.8229,17.4326,4.7149,36.4222,201.117,0.386,0.026,,,-9.99,,,,
20100001,1997.075352,31.657,64.212,,404,,400.8052,17.4167,4.7131,36.4195,200.998,0.386,0.034,,,-9.99,,,,
20100001,1997.075352,31.657,64.212,,406,,402.7874,17.4033,4.7115,36.4168,200.677,0.386,0.036,,,-9.99,,,,
20100001,1997.075352,31.657,64.212,,408,,404.7697,17.3678,4.707,36.4093,200.124,0.387,0.035,,,-9.99,,,,
20100001,1997.075352,31.657,64.212,,410,,406.7519,17.3278,4.7021,36.4014,199.692,0.387,0.032,,,-9.99,,,,
20100001,1997.075352,31.657,64.212,,412,,408.734,17.2945,4.698,36.3948,199.28,0.386,0.033,,,-9.99,,,,
20100001,1997.075352,31.657,64.212,,414,,410.7162,17.2598,4.6937,36.3885,198.904,0.388,0.034,,,-9.99,,,,
20100001,1997.075352,31.657,64.212,,416,,412.6984,17.2159,4.6884,36.3806,198.533,0.387,0.029,,,-9.99,,,,
20100001,1997.075352,31.657,64.212,,418,,414.6805,17.1835,4.6844,36.3746,198.319,0.387,0.035,,,-9.99,,,,
20100001,1997.075352,31.657,64.212,,420,,416.6626,17.1703,4.6829,36.3722,197.982,0.387,0.041,,,-9.99,,,,
20100001,1997.075352,31.657,64.212,,422,,418.6447,17.1412,4.6793,36.3664,197.693,0.387,0.038,,,-9.99,,,,
20100001,1997.075352,31.657,64.212,,424,,420.6268,17.1129,4.6759,36.3613,197.145,0.387,0.036,,,-9.99,,,,
20100001,1997.075352,31.657,64.212,,426,,422.6088,17.0695,4.6705,36.3526,196.974,0.387,0.047,,,-9.99,,,,
20100001,1997.075352,31.657,64.212,,428,,424.5908,17.0148,4.664,36.3438,196.496,0.388,0.027,,,-9.99,,,,
20100001,1997.075352,31.657,64.212,,430,,426.5729,17.0146,4.6641,36.3438,196.476,0.386,0.033,,,-9.99,,,,
20100001,1997.075352,31.657,64.212,,432,,428.5549,16.984,4.6602,36.3371,196.012,0.387,0.035,,,-9.99,,,,
20100001,1997.075352,31.657,64.212,,434,,430.5368,16.9314,4.654,36.3288,195.731,0.388,0.034,,,-9.99,,,,
20100001,1997.075352,31.657,64.212,,436,,432.5188,16.8933,4.6494,36.3228,195.217,0.387,0.041,,,-9.99,,,,
20100001,1997.075352,31.657,64.212,,438,,434.5007,16.8747,4.6472,36.3189,195.226,0.388,0.041,,,-9.99,,,,
20100001,1997.075352,31.657,64.212,,440,,436.4826,16.8302,4.6419,36.312,194.756,0.388,0.032,,,-9.99,,,,
20100001,1997.075352,31.657,64.212,,442,,438.4645,16.8164,4.6403,36.3097,194.633,0.388,0.028,,,-9.99,,,,
20100001,1997.075352,31.657,64.212,,444,,440.4464,16.8119,4.6398,36.3088,194.372,0.388,0.029,,,-9.99,,,,
20100001,1997.075352,31.657,64.212,,446,,442.4283,16.7951,4.6378,36.3054,194.144,0.388,0.031,,,-9.99,,,,
20100001,1997.075352,31.657,64.212,,448,,444.4101,16.7496,4.6323,36.2975,193.824,0.388,0.029,,,-9.99,,,,
20100001,1997.075352,31.657,64.212,,450,,446.3919,16.743,4.6317,36.297,193.547,0.388,0.029,,,-9.99,,,,
20100001,1997.075352,31.657,64.212,,452,,448.3738,16.7339,4.6307,36.2954,193.412,0.388,0.033,,,-9.99,,,,
20100001,1997.075352,31.657,64.212,,454,,450.3555,16.7194,4.6289,36.2926,193.222,0.388,0.04,,,-9.99,,,,
20100001,1997.075352,31.657,64.212,,456,,452.3373,16.6884,4.6252,36.2867,192.997,0.388,0.033,,,-9.99,,,,
20100001,1997.075352,31.657,64.212,,458,,454.3191,16.6483,4.6203,36.2795,192.546,0.388,0.03,,,-9.99,,,,
20100001,1997.075352,31.657,64.212,,460,,456.3008,16.623,4.6174,36.2755,192.229,0.388,0.032,,,-9.99,,,,
20100001,1997.075352,31.657,64.212,,462,,458.2825,16.5663,4.6105,36.2656,191.423,0.389,0.037,,,-9.99,,,,
20100001,1997.075352,31.657,64.212,,464,,460.2642,16.5347,4.6067,36.2594,190.627,0.388,0.029,,,-9.99,,,,
20100001,1997.075352,31.657,64.212,,466,,462.2459,16.4939,4.6018,36.2524,190.116,0.388,0.026,,,-9.99,,,,
20100001,1997.075352,31.657,64.212,,468,,464.2275,16.4615,4.598,36.2471,189.645,0.388,0.033,,,-9.99,,,,
20100001,1997.075352,31.657,64.212,,470,,466.2091,16.4578,4.5976,36.2464,189.3,0.388,0.035,,,-9.99,,,,
20100001,1997.075352,31.657,64.212,,472,,468.1908,16.4283,4.594,36.2405,189.121,0.388,0.05,,,-9.99,,,,
20100001,1997.075352,31.657,64.212,,474,,470.1723,16.4006,4.5908,36.2366,188.746,0.388,0.051,,,-9.99,,,,
20100001,1997.075352,31.657,64.212,,476,,472.1539,16.3857,4.5891,36.234,188.375,0.388,0.043,,,-9.99,,,,
20100001,1997.075352,31.657,64.212,,478,,474.1355,16.3671,4.587,36.2313,188.419,0.388,0.039,,,-9.99,,,,
20100001,1997.075352,31.657,64.212,,480,,476.117,16.3455,4.5844,36.2271,188.13,0.388,0.035,,,-9.99,,,,
20100001,1997.075352,31.657,64.212,,482,,478.0985,16.3101,4.5801,36.2208,187.568,0.388,0.041,,,-9.99,,,,
20100001,1997.075352,31.657,64.212,,484,,480.08,16.2574,4.5737,36.2107,187.259,0.388,0.037,,,-9.99,,,,
20100001,1997.075352,31.657,64.212,,486,,482.0615,16.2071,4.5677,36.202,186.536,0.388,0.042,,,-9.99,,,,
20100001,1997.075352,31.657,64.212,,488,,484.043,16.1808,4.5646,36.1976,186.348,0.388,0.041,,,-9.99,,,,
20100001,1997.075352,31.657,64.212,,490,,486.0244,16.167,4.563,36.1949,186.065,0.389,0.036,,,-9.99,,,,
20100001,1997.075352,31.657,64.212,,492,,488.0059,16.1238,4.5577,36.1864,185.521,0.389,0.037,,,-9.99,,,,
20100001,1997.075352,31.657,64.212,,494,,489.9873,16.0505,4.5489,36.1733,184.765,0.389,0.031,,,-9.99,,,,
20100001,1997.075352,31.657,64.212,,496,,491.9686,15.9774,4.5402,36.1614,184.082,0.388,0.025,,,-9.99,,,,
20100001,1997.075352,31.657,64.212,,498,,493.95,15.9203,4.5335,36.1526,183.499,0.388,0.025,,,-9.99,,,,
20100001,1997.075352,31.657,64.212,,500,,495.9314,15.8693,4.5275,36.1451,182.904,0.388,0.028,,,-9.99,,,,
20100001,1997.075352,31.657,64.212,,502,,497.9127,15.8431,4.5244,36.1403,181.97,0.388,0.035,,,-9.99,,,,
20100001,1997.075352,31.657,64.212,,504,,499.894,15.837,4.5238,36.1395,180.997,0.388,0.039,,,-9.99,,,,
20100002,1997.076126,31.633,64.252,,,12,,,11.9164,20.3576,5.0506,36.8127,222.978,0.458,0.408,,,-9.99,,
20100002,1997.076126,31.633,64.252,,,14,,,13.9024,20.3562,5.0506,36.8129,222.887,0.458,0.408,,,-9.99,,
20100002,1997.076126,31.633,64.252,,,16,,,15.8884,20.3544,5.0505,36.8131,222.731,0.458,0.404,,,-9.99,,
20100002,1997.076126,31.633,64.252,,,18,,,17.8744,20.3531,5.0505,36.8133,222.505,0.459,0.395,,,-9.99,,
20100002,1997.076126,31.633,64.252,,,20,,,19.8603,20.3554,5.0508,36.8131,222.492,0.46,0.416,,,-9.99,,
20100002,1997.076126,31.633,64.252,,,22,,,21.8462,20.356,5.0509,36.8129,222.652,0.458,0.414,,,-9.99,,
20100002,1997.076126,31.633,64.252,,,24,,,23.8322,20.3548,5.0509,36.8133,222.57,0.459,0.427,,,-9.99,,
20100002,1997.076126,31.633,64.252,,,26,,,25.818,20.3548,5.051,36.8134,222.265,0.459,0.423,,,-9.99,,
20100002,1997.076126,31.633,64.252,,,28,,,27.8039,20.3567,5.0513,36.8136,222.342,0.459,0.444,,,-9.99,,
20100002,1997.076126,31.633,64.252,,,30,,,29.7898,20.3568,5.0514,36.813,222.177,0.458,0.425,,,-9.99,,
20100002,1997.076126,31.633,64.252,,,32,,,31.7756,20.3515,5.0506,36.8103,221.68,0.457,0.45,,,-9.99,,
20100002,1997.076126,31.633,64.252,,,34,,,33.7614,20.347,5.0498,36.8072,221.961,0.456,0.44,,,-9.99,,
20100002,1997.076126,31.633,64.252,,,36,,,35.7472,20.3456,5.0497,36.8067,222.064,0.453,0.451,,,-9.99,,
20100002,1997.076126,31.633,64.252,,,38,,,37.733,20.346,5.0498,36.8069,222.025,0.452,0.448,,,-9.99,,
20100002,1997.076126,31.633,64.252,,,40,,,39.7187,20.3461,5.0499,36.8069,221.973,0.45,0.452,,,-9.99,,
20100002,1997.076126,31.633,64.252,,,42,,,41.7044,20.3463,5.0501,36.807,221.891,0.449,0.458,,,-9.99,,
20100002,1997.076126,31.633,64.252,,,44,,,43.6902,20.3471,5.0503,36.8072,221.825,0.449,0.449,,,-9.99,,
20100002,1997.076126,31.633,64.252,,,46,,,45.6759,20.3476,5.0504,36.8073,221.788,0.448,0.437,,,-9.99,,
20100002,1997.076126,31.633,64.252,,,48,,,47.6615,20.348,5.0505,36.8073,221.744,0.448,0.428,,,-9.99,,
20100002,1997.076126,31.633,64.252,,,50,,,49.6472,20.3498,5.0509,36.8078,221.596,0.448,0.416,,,-9.99,,
20100002,1997.076126,31.633,64.252,,,52,,,51.6328,20.3496,5.0509,36.8077,221.549,0.448,0.419,,,-9.99,,
20100002,1997.076126,31.633,64.252,,,54,,,53.6184,20.3493,5.051,36.8074,221.373,0.448,0.42,,,-9.99,,
20100002,1997.076126,31.633,64.252,,,56,,,55.604,20.348,5.0508,36.8068,221.236,0.447,0.422,,,-9.99,,
20100002,1997.076126,31.633,64.252,,,58,,,57.5896,20.3486,5.051,36.8067,221.108,0.448,0.442,,,-9.99,,
20100002,1997.076126,31.633,64.252,,,60,,,59.5752,20.3489,5.0511,36.8069,221.238,0.448,0.458,,,-9.99,,
20100002,1997.076126,31.633,64.252,,,62,,,61.5607,20.347,5.051,36.8066,221.297,0.446,0.456,,,-9.99,,
20100002,1997.076126,31.633,64.252,,,64,,,63.5462,20.3471,5.0511,36.8065,221.276,0.444,0.453,,,-9.99,,
20100002,1997.076126,31.633,64.252,,,66,,,65.5317,20.3473,5.0512,36.8064,221.196,0.443,0.427,,,-9.99,,
20100002,1997.076126,31.633,64.252,,,68,,,67.5172,20.3473,5.0513,36.8063,221.167,0.442,0.412,,,-9.99,,
20100002,1997.076126,31.633,64.252,,,70,,,69.5027,20.3476,5.0514,36.8063,221.151,0.442,0.41,,,-9.99,,
20100002,1997.076126,31.633,64.252,,,72,,,71.4881,20.3484,5.0516,36.8066,221.244,0.442,0.419,,,-9.99,,
20100002,1997.076126,31.633,64.252,,,74,,,73.4736,20.3497,5.0519,36.807,221.317,0.442,0.426,,,-9.99,,
20100002,1997.076126,31.633,64.252,,,76,,,75.459,20.3506,5.052,36.8069,221.017,0.441,0.425,,,-9.99,,
20100002,1997.076126,31.633,64.252,,,78,,,77.4443,20.3506,5.0522,36.8072,220.966,0.441,0.423,,,-9.99,,
20100002,1997.076126,31.633,64.252,,,80,,,79.4297,20.3506,5.0523,36.8073,221.067,0.441,0.423,,,-9.99,,
20100002,1997.076126,31.633,64.252,,,82,,,81.4151,20.3496,5.0522,36.8071,221.035,0.441,0.433,,,-9.99,,
20100002,1997.076126,31.633,64.252,,,84,,,83.4004,20.3489,5.0522,36.8069,221.053,0.44,0.426,,,-9.99,,
20100002,1997.076126,31.633,64.252,,,86,,,85.3857,20.3474,5.0521,36.8063,221.065,0.44,0.419,,,-9.99,,
20100002,1997.076126,31.633,64.252,,,88,,,87.371,20.3439,5.0517,36.8051,221.055,0.44,0.413,,,-9.99,,
20100002,1997.076126,31.633,64.252,,,90,,,89.3563,20.3379,5.0509,36.8032,220.804,0.439,0.404,,,-9.99,,
20100002,1997.076126,31.633,64.252,,,92,,,91.3415,20.3368,5.0508,36.8028,220.44,0.438,0.404,,,-9.99,,
20100002,1997.076126,31.633,64.252,,,94,,,93.3267,20.3349,5.0506,36.8023,220.706,0.438,0.394,,,-9.99,,
20100002,1997.076126,31.633,64.252,,,96,,,95.312,20.322,5.0489,36.7987,220.591,0.436,0.375,,,-9.99,,
20100002,1997.076126,31.633,64.252,,,98,,,97.2972,20.3204,5.0488,36.7982,220.734,0.437,0.37,,,-9.99,,
20100002,1997.076126,31.633,64.252,,100,,,99.2823,20.3215,5.049,36.7988,220.551,0.436,0.384,,,-9.99,,,
20100002,1997.076126,31.633,64.252,,102,,101.2675,20.3213,5.0491,36.7987,220.544,0.435,0.383,,,-9.99,,,,
20100002,1997.076126,31.633,64.252,,104,,103.2526,20.3196,5.0489,36.798,220.078,0.436,0.407,,,-9.99,,,,
20100002,1997.076126,31.633,64.252,,106,,105.2377,20.3008,5.0464,36.7931,219.832,0.434,0.376,,,-9.99,,,,
20100002,1997.076126,31.633,64.252,,108,,107.2228,20.279,5.0435,36.7874,219.547,0.431,0.352,,,-9.99,,,,
20100002,1997.076126,31.633,64.252,,110,,109.2079,20.2752,5.043,36.7862,219.417,0.43,0.341,,,-9.99,,,,
20100002,1997.076126,31.633,64.252,,112,,111.193,20.2629,5.0414,36.7829,218.976,0.429,0.335,,,-9.99,,,,
20100002,1997.076126,31.633,64.252,,114,,113.178,20.2371,5.038,36.7769,218.471,0.427,0.324,,,-9.99,,,,
20100002,1997.076126,31.633,64.252,,116,,115.163,20.2115,5.0347,36.7713,217.516,0.426,0.32,,,-9.99,,,,
20100002,1997.076126,31.633,64.252,,118,,117.148,20.1581,5.0277,36.7593,216.985,0.423,0.303,,,-9.99,,,,
20100002,1997.076126,31.633,64.252,,120,,119.133,20.0773,5.017,36.7414,216.511,0.419,0.269,,,-9.99,,,,
20100002,1997.076126,31.633,64.252,,122,,121.118,20.0133,5.0089,36.7298,216.336,0.416,0.221,,,-9.99,,,,
20100002,1997.076126,31.633,64.252,,124,,123.1029,19.9725,5.004,36.7237,216.029,0.414,0.197,,,-9.99,,,,
20100002,1997.076126,31.633,64.252,,126,,125.0879,19.9033,4.9957,36.7152,215.129,0.413,0.19,,,-9.99,,,,
20100002,1997.076126,31.633,64.252,,128,,127.0728,19.8429,4.9886,36.7085,214.4,0.412,0.183,,,-9.99,,,,
20100002,1997.076126,31.633,64.252,,130,,129.0576,19.7533,4.9779,36.698,213.175,0.411,0.174,,,-9.99,,,,
20100002,1997.076126,31.633,64.252,,132,,131.0425,19.6112,4.9612,36.6827,211.441,0.41,0.163,,,-9.99,,,,
20100002,1997.076126,31.633,64.252,,134,,133.0274,19.4943,4.9477,36.6725,211.368,0.409,0.164,,,-9.99,,,,
20100002,1997.076126,31.633,64.252,,136,,135.0122,19.4854,4.9466,36.6705,210.086,0.409,0.172,,,-9.99,,,,
20100002,1997.076126,31.633,64.252,,138,,136.997,19.3852,4.935,36.6606,209.366,0.407,0.172,,,-9.99,,,,
20100002,1997.076126,31.633,64.252,,140,,138.9818,19.3208,4.9274,36.6532,208.313,0.406,0.163,,,-9.99,,,,
20100002,1997.076126,31.633,64.252,,142,,140.9666,19.2572,4.9199,36.6455,207.393,0.404,0.153,,,-9.99,,,,
20100002,1997.076126,31.633,64.252,,144,,142.9513,19.0835,4.8992,36.6242,205.49,0.403,0.144,,,-9.99,,,,
20100002,1997.076126,31.633,64.252,,146,,144.936,18.8467,4.872,36.6043,204.427,0.4,0.136,,,-9.99,,,,
20100002,1997.076126,31.633,64.252,,148,,146.9208,18.8081,4.8677,36.6009,203.91,0.398,0.131,,,-9.99,,,,
20100002,1997.076126,31.633,64.252,,150,,148.9055,18.7611,4.8625,36.5983,203.072,0.398,0.128,,,-9.99,,,,
20100002,1997.076126,31.633,64.252,,152,,150.8901,18.7277,4.8589,36.5966,202.847,0.397,0.119,,,-9.99,,,,
20100002,1997.076126,31.633,64.252,,154,,152.8748,18.7047,4.8564,36.595,202.943,0.396,0.114,,,-9.99,,,,
20100002,1997.076126,31.633,64.252,,156,,154.8594,18.7297,4.8593,36.5968,202.159,0.396,0.128,,,-9.99,,,,
20100002,1997.076126,31.633,64.252,,158,,156.844,18.692,4.8552,36.5945,202.188,0.395,0.121,,,-9.99,,,,
20100002,1997.076126,31.633,64.252,,160,,158.8286,18.6747,4.8533,36.5927,201.88,0.395,0.125,,,-9.99,,,,
20100002,1997.076126,31.633,64.252,,162,,160.8132,18.6612,4.8518,36.5916,201.916,0.394,0.118,,,-9.99,,,,
20100002,1997.076126,31.633,64.252,,164,,162.7978,18.6464,4.8502,36.5903,201.902,0.394,0.111,,,-9.99,,,,
20100002,1997.076126,31.633,64.252,,166,,164.7823,18.6367,4.8492,36.5894,201.861,0.395,0.11,,,-9.99,,,,
20100002,1997.076126,31.633,64.252,,168,,166.7668,18.6243,4.8478,36.5881,201.771,0.394,0.109,,,-9.99,,,,
20100002,1997.076126,31.633,64.252,,170,,168.7513,18.6053,4.8457,36.5859,201.689,0.393,0.104,,,-9.99,,,,
20100002,1997.076126,31.633,64.252,,172,,170.7358,18.5833,4.8431,36.5827,201.691,0.393,0.089,,,-9.99,,,,
20100002,1997.076126,31.633,64.252,,174,,172.7203,18.5634,4.8409,36.581,201.705,0.393,0.095,,,-9.99,,,,
20100002,1997.076126,31.633,64.252,,176,,174.7047,18.5467,4.8391,36.5797,201.858,0.394,0.097,,,-9.99,,,,
20100002,1997.076126,31.633,64.252,,178,,176.6892,18.5284,4.8371,36.5784,201.933,0.393,0.091,,,-9.99,,,,
20100002,1997.076126,31.633,64.252,,180,,178.6736,18.5074,4.8348,36.5768,201.975,0.392,0.081,,,-9.99,,,,
20100002,1997.076126,31.633,64.252,,182,,180.658,18.495,4.8334,36.5756,202.028,0.392,0.074,,,-9.99,,,,
20100002,1997.076126,31.633,64.252,,184,,182.6423,18.4725,4.831,36.5737,202.153,0.391,0.065,,,-9.99,,,,
20100002,1997.076126,31.633,64.252,,186,,184.6267,18.4671,4.8304,36.5732,202.426,0.391,0.075,,,-9.99,,,,
20100002,1997.076126,31.633,64.252,,188,,186.611,18.4638,4.8301,36.573,202.632,0.391,0.071,,,-9.99,,,,
20100002,1997.076126,31.633,64.252,,190,,188.5953,18.4516,4.8288,36.5716,202.84,0.391,0.065,,,-9.99,,,,
20100002,1997.076126,31.633,64.252,,192,,190.5796,18.4355,4.827,36.5696,202.998,0.39,0.064,,,-9.99,,,,
20100002,1997.076126,31.633,64.252,,194,,192.5639,18.419,4.8251,36.5678,203.201,0.39,0.059,,,-9.99,,,,
20100002,1997.076126,31.633,64.252,,196,,194.5481,18.4078,4.8239,36.5668,203.346,0.39,0.058,,,-9.99,,,,
20100002,1997.076126,31.633,64.252,,198,,196.5324,18.4009,4.8232,36.5662,203.438,0.39,0.058,,,-9.99,,,,
20100002,1997.076126,31.633,64.252,,200,,198.5166,18.3941,4.8225,36.5656,203.494,0.39,0.063,,,-9.99,,,,
20100002,1997.076126,31.633,64.252,,202,,200.5008,18.3851,4.8216,36.5647,203.649,0.39,0.07,,,-9.99,,,,
20100002,1997.076126,31.633,64.252,,204,,202.4849,18.375,4.8205,36.5636,203.842,0.39,0.062,,,-9.99,,,,
20100002,1997.076126,31.633,64.252,,206,,204.4691,18.3637,4.8192,36.5623,204.048,0.39,0.054,,,-9.99,,,,
20100002,1997.076126,31.633,64.252,,208,,206.4532,18.341,4.8166,36.5595,204.389,0.39,0.051,,,-9.99,,,,
20100002,1997.076126,31.633,64.252,,210,,208.4374,18.329,4.8154,36.5585,204.407,0.389,0.06,,,-9.99,,,,
20100002,1997.076126,31.633,64.252,,212,,210.4215,18.3142,4.8138,36.5573,204.72,0.388,0.036,,,-9.99,,,,
20100002,1997.076126,31.633,64.252,,214,,212.4055,18.3089,4.8132,36.5568,204.972,0.388,0.033,,,-9.99,,,,
20100002,1997.076126,31.633,64.252,,216,,214.3896,18.3062,4.813,36.5565,204.996,0.388,0.039,,,-9.99,,,,
20100002,1997.076126,31.633,64.252,,218,,216.3736,18.2925,4.8115,36.5553,205.143,0.388,0.051,,,-9.99,,,,
20100002,1997.076126,31.633,64.252,,220,,218.3577,18.2787,4.81,36.5535,205.606,0.387,0.037,,,-9.99,,,,
20100002,1997.076126,31.633,64.252,,222,,220.3417,18.2723,4.8093,36.5525,205.507,0.387,0.038,,,-9.99,,,,
20100002,1997.076126,31.633,64.252,,224,,222.3257,18.2649,4.8085,36.5514,205.744,0.387,0.034,,,-9.99,,,,
20100002,1997.076126,31.633,64.252,,226,,224.3096,18.2587,4.8078,36.5508,206.106,0.387,0.042,,,-9.99,,,,
20100002,1997.076126,31.633,64.252,,228,,226.2936,18.2462,4.8065,36.5494,206.282,0.387,0.051,,,-9.99,,,,
20100002,1997.076126,31.633,64.252,,230,,228.2775,18.2395,4.8058,36.5488,206.432,0.387,0.044,,,-9.99,,,,
20100002,1997.076126,31.633,64.252,,232,,230.2614,18.229,4.8047,36.5479,206.419,0.387,0.042,,,-9.99,,,,
20100002,1997.076126,31.633,64.252,,234,,232.2453,18.2222,4.8039,36.5468,206.441,0.387,0.036,,,-9.99,,,,
20100002,1997.076126,31.633,64.252,,236,,234.2292,18.2097,4.8023,36.5437,206.519,0.387,0.03,,,-9.99,,,,
20100002,1997.076126,31.633,64.252,,238,,236.213,18.195,4.8006,36.5411,206.465,0.387,0.04,,,-9.99,,,,
20100002,1997.076126,31.633,64.252,,240,,238.1968,18.1855,4.7995,36.5395,206.418,0.387,0.044,,,-9.99,,,,
20100002,1997.076126,31.633,64.252,,242,,240.1807,18.182,4.7992,36.5391,206.506,0.387,0.036,,,-9.99,,,,
20100002,1997.076126,31.633,64.252,,244,,242.1645,18.18,4.7992,36.54,206.663,0.387,0.037,,,-9.99,,,,
20100002,1997.076126,31.633,64.252,,246,,244.1482,18.1779,4.7991,36.5408,206.747,0.388,0.037,,,-9.99,,,,
20100002,1997.076126,31.633,64.252,,248,,246.132,18.1755,4.799,36.5409,206.778,0.388,0.036,,,-9.99,,,,
20100002,1997.076126,31.633,64.252,,250,,248.1157,18.1686,4.7984,36.541,206.85,0.388,0.037,,,-9.99,,,,
20100002,1997.076126,31.633,64.252,,252,,250.0994,18.1675,4.7983,36.541,207.022,0.388,0.044,,,-9.99,,,,
20100002,1997.076126,31.633,64.252,,254,,252.0831,18.1629,4.798,36.5414,207.165,0.388,0.038,,,-9.99,,,,
20100002,1997.076126,31.633,64.252,,256,,254.0668,18.1598,4.7977,36.5411,207.263,0.387,0.041,,,-9.99,,,,
20100002,1997.076126,31.633,64.252,,258,,256.0505,18.1548,4.7972,36.5404,207.399,0.388,0.05,,,-9.99,,,,
20100002,1997.076126,31.633,64.252,,260,,258.0341,18.1438,4.796,36.5392,207.62,0.388,0.057,,,-9.99,,,,
20100002,1997.076126,31.633,64.252,,262,,260.0177,18.1404,4.7958,36.5392,207.626,0.388,0.046,,,-9.99,,,,
20100002,1997.076126,31.633,64.252,,264,,262.0013,18.1359,4.7954,36.5392,207.607,0.388,0.036,,,-9.99,,,,
20100002,1997.076126,31.633,64.252,,266,,263.9849,18.1308,4.7949,36.5389,207.702,0.388,0.038,,,-9.99,,,,
20100002,1997.076126,31.633,64.252,,268,,265.9685,18.1273,4.7946,36.5383,207.906,0.388,0.029,,,-9.99,,,,
20100002,1997.076126,31.633,64.252,,270,,267.952,18.1236,4.7942,36.5379,207.98,0.389,0.029,,,-9.99,,,,
20100002,1997.076126,31.633,64.252,,272,,269.9356,18.1185,4.7937,36.5372,208.116,0.389,0.035,,,-9.99,,,,
20100002,1997.076126,31.633,64.252,,274,,271.9191,18.1123,4.793,36.5365,208.319,0.389,0.036,,,-9.99,,,,
20100002,1997.076126,31.633,64.252,,276,,273.9025,18.1053,4.7924,36.536,208.565,0.388,0.04,,,-9.99,,,,
20100002,1997.076126,31.633,64.252,,278,,275.886,18.1039,4.7923,36.5363,208.854,0.387,0.033,,,-9.99,,,,
20100002,1997.076126,31.633,64.252,,280,,277.8695,18.1001,4.7921,36.5366,209.119,0.388,0.027,,,-9.99,,,,
20100002,1997.076126,31.633,64.252,,282,,279.8529,18.0956,4.7916,36.5361,209.309,0.388,0.038,,,-9.99,,,,
20100002,1997.076126,31.633,64.252,,284,,281.8363,18.0946,4.7916,36.5363,209.43,0.389,0.033,,,-9.99,,,,
20100002,1997.076126,31.633,64.252,,286,,283.8197,18.093,4.7915,36.5362,209.407,0.388,0.033,,,-9.99,,,,
20100002,1997.076126,31.633,64.252,,288,,285.8031,18.0809,4.7902,36.5347,209.581,0.388,0.032,,,-9.99,,,,
20100002,1997.076126,31.633,64.252,,290,,287.7864,18.0783,4.79,36.5346,209.538,0.389,0.023,,,-9.99,,,,
20100002,1997.076126,31.633,64.252,,292,,289.7698,18.071,4.7892,36.5334,209.579,0.389,0.031,,,-9.99,,,,
20100002,1997.076126,31.633,64.252,,294,,291.7531,18.0677,4.7889,36.5333,209.833,0.389,0.034,,,-9.99,,,,
20100002,1997.076126,31.633,64.252,,296,,293.7364,18.0607,4.7882,36.5327,209.978,0.389,0.036,,,-9.99,,,,
20100002,1997.076126,31.633,64.252,,298,,295.7196,18.0553,4.7876,36.5319,209.959,0.389,0.043,,,-9.99,,,,
20100002,1997.076126,31.633,64.252,,300,,297.7029,18.0565,4.7879,36.5321,209.959,0.389,0.029,,,-9.99,,,,
20100002,1997.076126,31.633,64.252,,302,,299.6861,18.0468,4.7869,36.5316,210.211,0.389,0.039,,,-9.99,,,,
20100002,1997.076126,31.633,64.252,,304,,301.6694,18.0439,4.7867,36.5319,210.372,0.389,0.041,,,-9.99,,,,
20100002,1997.076126,31.633,64.252,,306,,303.6526,18.0415,4.7865,36.5316,210.491,0.389,0.037,,,-9.99,,,,
20100002,1997.076126,31.633,64.252,,308,,305.6357,18.0384,4.7863,36.5313,210.516,0.389,0.045,,,-9.99,,,,
20100002,1997.076126,31.633,64.252,,310,,307.6189,18.0341,4.7858,36.5304,210.4,0.39,0.043,,,-9.99,,,,
20100002,1997.076126,31.633,64.252,,312,,309.602,18.0265,4.785,36.5293,210.629,0.389,0.04,,,-9.99,,,,
20100002,1997.076126,31.633,64.252,,314,,311.5852,18.0215,4.7845,36.5287,210.775,0.389,0.037,,,-9.99,,,,
20100002,1997.076126,31.633,64.252,,316,,313.5683,18.0135,4.7836,36.5272,210.78,0.389,0.041,,,-9.99,,,,
20100002,1997.076126,31.633,64.252,,318,,315.5514,18.0052,4.7826,36.5261,210.812,0.39,0.037,,,-9.99,,,,
20100002,1997.076126,31.633,64.252,,320,,317.5344,18.0041,4.7826,36.5259,210.738,0.39,0.027,,,-9.99,,,,
20100002,1997.076126,31.633,64.252,,322,,319.5175,17.9945,4.7815,36.5244,210.702,0.39,0.033,,,-9.99,,,,
20100002,1997.076126,31.633,64.252,,324,,321.5005,17.99,4.7811,36.5239,210.642,0.39,0.038,,,-9.99,,,,
20100002,1997.076126,31.633,64.252,,326,,323.4835,17.9859,4.7806,36.523,210.645,0.39,0.041,,,-9.99,,,,
20100002,1997.076126,31.633,64.252,,328,,325.4665,17.979,4.7799,36.5222,210.763,0.39,0.043,,,-9.99,,,,
20100002,1997.076126,31.633,64.252,,330,,327.4495,17.9778,4.7799,36.522,210.836,0.39,0.04,,,-9.99,,,,
20100002,1997.076126,31.633,64.252,,332,,329.4324,17.9757,4.7797,36.5217,210.766,0.39,0.028,,,-9.99,,,,
20100002,1997.076126,31.633,64.252,,334,,331.4154,17.9707,4.7792,36.5208,210.713,0.39,0.035,,,-9.99,,,,
20100002,1997.076126,31.633,64.252,,336,,333.3983,17.9682,4.7789,36.5204,210.656,0.39,0.03,,,-9.99,,,,
20100002,1997.076126,31.633,64.252,,338,,335.3812,17.9635,4.7785,36.5199,210.597,0.39,0.028,,,-9.99,,,,
20100002,1997.076126,31.633,64.252,,340,,337.364,17.9596,4.7781,36.5196,210.734,0.39,0.037,,,-9.99,,,,
20100002,1997.076126,31.633,64.252,,342,,339.3469,17.953,4.7774,36.5188,210.805,0.39,0.039,,,-9.99,,,,
20100002,1997.076126,31.633,64.252,,344,,341.3297,17.9443,4.7764,36.5172,210.762,0.39,0.044,,,-9.99,,,,
20100002,1997.076126,31.633,64.252,,346,,343.3126,17.9408,4.7761,36.5166,210.677,0.39,0.041,,,-9.99,,,,
20100002,1997.076126,31.633,64.252,,348,,345.2953,17.9363,4.7757,36.5162,210.65,0.39,0.036,,,-9.99,,,,
20100002,1997.076126,31.633,64.252,,350,,347.2781,17.9333,4.7754,36.5155,210.799,0.39,0.035,,,-9.99,,,,
20100002,1997.076126,31.633,64.252,,352,,349.2609,17.9236,4.7742,36.5138,210.439,0.39,0.043,,,-9.99,,,,
20100002,1997.076126,31.633,64.252,,354,,351.2436,17.9118,4.7729,36.5119,210.603,0.39,0.038,,,-9.99,,,,
20100002,1997.076126,31.633,64.252,,356,,353.2264,17.9079,4.7725,36.5113,210.591,0.39,0.036,,,-9.99,,,,
20100002,1997.076126,31.633,64.252,,358,,355.2091,17.9035,4.772,36.5106,210.396,0.39,0.023,,,-9.99,,,,
20100002,1997.076126,31.633,64.252,,360,,357.1917,17.9002,4.7718,36.5103,210.491,0.39,0.022,,,-9.99,,,,
20100002,1997.076126,31.633,64.252,,362,,359.1744,17.9025,4.7722,36.5115,210.559,0.39,0.03,,,-9.99,,,,
20100002,1997.076126,31.633,64.252,,364,,361.1571,17.9023,4.7725,36.5131,210.666,0.39,0.029,,,-9.99,,,,
20100002,1997.076126,31.633,64.252,,366,,363.1397,17.8961,4.7718,36.5117,210.69,0.39,0.036,,,-9.99,,,,
20100002,1997.076126,31.633,64.252,,368,,365.1223,17.884,4.7704,36.5097,210.787,0.39,0.035,,,-9.99,,,,
20100002,1997.076126,31.633,64.252,,370,,367.1049,17.8756,4.7694,36.5082,210.82,0.39,0.03,,,-9.99,,,,
20100002,1997.076126,31.633,64.252,,372,,369.0875,17.8689,4.7686,36.5069,210.704,0.39,0.038,,,-9.99,,,,
20100002,1997.076126,31.633,64.252,,374,,371.07,17.8632,4.768,36.5058,210.648,0.39,0.039,,,-9.99,,,,
20100002,1997.076126,31.633,64.252,,376,,373.0525,17.8547,4.767,36.5041,210.47,0.39,0.039,,,-9.99,,,,
20100002,1997.076126,31.633,64.252,,378,,375.035,17.847,4.7661,36.5025,210.354,0.39,0.037,,,-9.99,,,,
20100002,1997.076126,31.633,64.252,,380,,377.0175,17.8284,4.7638,36.4987,210.001,0.39,0.036,,,-9.99,,,,
20100002,1997.076126,31.633,64.252,,382,,379,17.8178,4.7625,36.4963,209.9,0.39,0.032,,,-9.99,,,,
20100002,1997.076126,31.633,64.252,,384,,380.9825,17.801,4.7604,36.4922,209.555,0.39,0.03,,,-9.99,,,,
20100002,1997.076126,31.633,64.252,,386,,382.9649,17.7905,4.7591,36.4898,209.236,0.39,0.031,,,-9.99,,,,
20100002,1997.076126,31.633,64.252,,388,,384.9473,17.7732,4.757,36.4859,208.873,0.39,0.031,,,-9.99,,,,
20100002,1997.076126,31.633,64.252,,390,,386.9297,17.761,4.7555,36.4832,208.645,0.39,0.029,,,-9.99,,,,
20100002,1997.076126,31.633,64.252,,392,,388.9121,17.7452,4.7535,36.4798,208.398,0.39,0.032,,,-9.99,,,,
20100002,1997.076126,31.633,64.252,,394,,390.8945,17.7283,4.7514,36.476,207.96,0.39,0.029,,,-9.99,,,,
20100002,1997.076126,31.633,64.252,,396,,392.8768,17.7163,4.75,36.4736,207.711,0.39,0.033,,,-9.99,,,,
20100002,1997.076126,31.633,64.252,,398,,394.8591,17.6974,4.7477,36.47,207.458,0.39,0.037,,,-9.99,,,,
20100002,1997.076126,31.633,64.252,,400,,396.8414,17.6723,4.7447,36.4657,207.112,0.39,0.035,,,-9.99,,,,
20100002,1997.076126,31.633,64.252,,402,,398.8237,17.6614,4.7434,36.4639,206.892,0.39,0.033,,,-9.99,,,,
20100002,1997.076126,31.633,64.252,,404,,400.806,17.6398,4.7409,36.4603,206.451,0.39,0.029,,,-9.99,,,,
20100003,1997.076182,31.634,64.254,,,12,,,11.9164,20.3657,5.0518,36.8154,222.863,0.45,0.402,,,-9.99,,
20100003,1997.076182,31.634,64.254,,,14,,,13.9024,20.3644,5.0518,36.8155,222.708,0.45,0.408,,,-9.99,,
20100003,1997.076182,31.634,64.254,,,16,,,15.8884,20.3634,5.0517,36.8154,222.645,0.451,0.407,,,-9.99,,
20100003,1997.076182,31.634,64.254,,,18,,,17.8744,20.3641,5.0519,36.8156,222.817,0.45,0.414,,,-9.99,,
20100003,1997.076182,31.634,64.254,,,20,,,19.8603,20.3646,5.052,36.8155,223.095,0.45,0.407,,,-9.99,,
20100003,1997.076182,31.634,64.254,,,22,,,21.8462,20.3644,5.0521,36.8156,223.014,0.451,0.401,,,-9.99,,
20100003,1997.076182,31.634,64.254,,,24,,,23.8321,20.364,5.0522,36.8156,222.894,0.451,0.418,,,-9.99,,
20100003,1997.076182,31.634,64.254,,,26,,,25.818,20.3668,5.0525,36.8153,223.125,0.451,0.421,,,-9.99,,
20100003,1997.076182,31.634,64.254,,,28,,,27.8039,20.3679,5.0528,36.8156,223.087,0.451,0.423,,,-9.99,,
20100003,1997.076182,31.634,64.254,,,30,,,29.7898,20.3657,5.0524,36.8139,222.949,0.451,0.431,,,-9.99,,
20100003,1997.076182,31.634,64.254,,,32,,,31.7756,20.3661,5.0524,36.8128,222.82,0.452,0.434,,,-9.99,,
20100003,1997.076182,31.634,64.254,,,34,,,33.7614,20.364,5.0523,36.8125,222.901,0.45,0.43,,,-9.99,,
20100003,1997.076182,31.634,64.254,,,36,,,35.7472,20.3632,5.0521,36.8116,222.823,0.451,0.436,,,-9.99,,
20100003,1997.076182,31.634,64.254,,,38,,,37.733,20.3627,5.0521,36.8113,222.884,0.451,0.448,,,-9.99,,
20100003,1997.076182,31.634,64.254,,,40,,,39.7187,20.363,5.0523,36.8116,222.869,0.451,0.448,,,-9.99,,
20100003,1997.076182,31.634,64.254,,,42,,,41.7044,20.3618,5.0522,36.8112,222.932,0.451,0.442,,,-9.99,,
20100003,1997.076182,31.634,64.254,,,44,,,43.6902,20.3591,5.0519,36.8104,222.899,0.45,0.442,,,-9.99,,
20100003,1997.076182,31.634,64.254,,,46,,,45.6758,20.3592,5.052,36.8102,222.574,0.449,0.442,,,-9.99,,
20100003,1997.076182,31.634,64.254,,,48,,,47.6615,20.3604,5.0523,36.8106,222.555,0.458,0.451,,,-9.99,,
20100003,1997.076182,31.634,64.254,,,50,,,49.6472,20.3584,5.0521,36.81,222.554,0.457,0.444,,,-9.99,,
20100003,1997.076182,31.634,64.254,,,52,,,51.6328,20.3558,5.0518,36.8095,222.552,0.445,0.439,,,-9.99,,
20100003,1997.076182,31.634,64.254,,,54,,,53.6184,20.356,5.052,36.8097,222.488,0.443,0.448,,,-9.99,,
20100003,1997.076182,31.634,64.254,,,56,,,55.604,20.3557,5.052,36.8094,222.408,0.442,0.458,,,-9.99,,
20100003,1997.076182,31.634,64.254,,,58,,,57.5896,20.3559,5.0521,36.8095,222.432,0.442,0.463,,,-9.99,,
20100003,1997.076182,31.634,64.254,,,60,,,59.5752,20.3567,5.0523,36.8098,222.238,0.442,0.458,,,-9.99,,
20100003,1997.076182,31.634,64.254,,,62,,,61.5607,20.3572,5.0525,36.8097,222.06,0.441,0.455,,,-9.99,,
20100003,1997.076182,31.634,64.254,,,64,,,63.5462,20.3571,5.0525,36.8097,222.023,0.442,0.462,,,-9.99,,
20100003,1997.076182,31.634,64.254,,,66,,,65.5317,20.3576,5.0527,36.8097,222.172,0.442,0.457,,,-9.99,,
20100003,1997.076182,31.634,64.254,,,68,,,67.5172,20.3585,5.0529,36.8101,222.3,0.441,0.448,,,-9.99,,
20100003,1997.076182,31.634,64.254,,,70,,,69.5027,20.3596,5.0532,36.8104,222.297,0.441,0.454,,,-9.99,,
20100003,1997.076182,31.634,64.254,,,72,,,71.4881,20.3606,5.0534,36.8106,222.269,0.441,0.459,,,-9.99,,
20100003,1997.076182,31.634,64.254,,,74,,,73.4735,20.3606,5.0535,36.8106,222.176,0.441,0.457,,,-9.99,,
20100003,1997.076182,31.634,64.254,,,76,,,75.459,20.3598,5.0534,36.8103,222.035,0.441,0.454,,,-9.99,,
20100003,1997.076182,31.634,64.254,,,78,,,77.4443,20.359,5.0534,36.8099,222.125,0.441,0.448,,,-9.99,,
20100003,1997.076182,31.634,64.254,,,80,,,79.4297,20.3573,5.0532,36.8093,222.17,0.44,0.452,,,-9.99,,
20100003,1997.076182,31.634,64.254,,,82,,,81.4151,20.3554,5.053,36.8086,222.225,0.439,0.458,,,-9.99,,
20100003,1997.076182,31.634,64.254,,,84,,,83.4004,20.3561,5.0532,36.8088,222.13,0.438,0.452,,,-9.99,,
20100003,1997.076182,31.634,64.254,,,86,,,85.3857,20.3554,5.0532,36.8085,222.179,0.439,0.444,,,-9.99,,
20100003,1997.076182,31.634,64.254,,,88,,,87.371,20.355,5.0532,36.8082,222.32,0.439,0.433,,,-9.99,,
20100003,1997.076182,31.634,64.254,,,90,,,89.3563,20.3555,5.0534,36.8083,222.268,0.439,0.428,,,-9.99,,
20100003,1997.076182,31.634,64.254,,,92,,,91.3415,20.3555,5.0534,36.8081,222.173,0.439,0.428,,,-9.99,,
20100003,1997.076182,31.634,64.254,,,94,,,93.3267,20.3552,5.0535,36.808,222.023,0.439,0.433,,,-9.99,,
20100003,1997.076182,31.634,64.254,,,96,,,95.312,20.3528,5.0532,36.807,221.854,0.438,0.421,,,-9.99,,
20100003,1997.076182,31.634,64.254,,,98,,,97.2971,20.3507,5.053,36.8066,222.118,0.437,0.419,,,-9.99,,
20100003,1997.076182,31.634,64.254,,100,,,99.2823,20.3513,5.0531,36.8065,222.342,0.437,0.423,,,-9.99,,,
20100003,1997.076182,31.634,64.254,,102,,101.2675,20.35,5.0531,36.8061,222.105,0.437,0.416,,,-9.99,,,,
20100003,1997.076182,31.634,64.254,,104,,103.2526,20.3473,5.0527,36.8052,221.971,0.436,0.419,,,-9.99,,,,
20100003,1997.076182,31.634,64.254,,106,,105.2377,20.3432,5.0523,36.804,221.815,0.435,0.415,,,-9.99,,,,
20100003,1997.076182,31.634,64.254,,108,,107.2228,20.3356,5.0513,36.8018,221.533,0.434,0.401,,,-9.99,,,,
20100003,1997.076182,31.634,64.254,,110,,109.2079,20.3164,5.0489,36.798,221.182,0.432,0.385,,,-9.99,,,,
20100003,1997.076182,31.634,64.254,,112,,111.193,20.3051,5.0475,36.7957,221.015,0.431,0.376,,,-9.99,,,,
20100003,1997.076182,31.634,64.254,,114,,113.178,20.3005,5.0469,36.7944,220.438,0.43,0.372,,,-9.99,,,,
20100003,1997.076182,31.634,64.254,,116,,115.163,20.2557,5.0409,36.7837,219.514,0.426,0.347,,,-9.99,,,,
20100003,1997.076182,31.634,64.254,,118,,117.148,20.1986,5.0335,36.7715,218.421,0.422,0.316,,,-9.99,,,,
20100003,1997.076182,31.634,64.254,,120,,119.133,20.1587,5.0283,36.7631,217.738,0.419,0.296,,,-9.99,,,,
20100003,1997.076182,31.634,64.254,,122,,121.118,20.1038,5.0212,36.7514,216.857,0.414,0.267,,,-9.99,,,,
20100003,1997.076182,31.634,64.254,,124,,123.1029,20.0606,5.0155,36.7416,215.662,0.411,0.242,,,-9.99,,,,
20100003,1997.076182,31.634,64.254,,126,,125.0878,20.0172,5.0098,36.7318,214.877,0.41,0.222,,,-9.99,,,,
20100003,1997.076182,31.634,64.254,,128,,127.0727,19.9493,5.0011,36.7186,214.083,0.408,0.189,,,-9.99,,,,
20100003,1997.076182,31.634,64.254,,130,,129.0576,19.9206,4.9977,36.7152,214.073,0.407,0.169,,,-9.99,,,,
20100003,1997.076182,31.634,64.254,,132,,131.0425,19.8396,4.988,36.705,213.473,0.405,0.167,,,-9.99,,,,
20100003,1997.076182,31.634,64.254,,134,,133.0273,19.732,4.9753,36.6932,212.475,0.406,0.166,,,-9.99,,,,
20100003,1997.076182,31.634,64.254,,136,,135.0122,19.6566,4.9665,36.6856,212.052,0.405,0.159,,,-9.99,,,,
20100003,1997.076182,31.634,64.254,,138,,136.997,19.5295,4.9519,36.6748,211.151,0.404,0.161,,,-9.99,,,,
20100003,1997.076182,31.634,64.254,,140,,138.9818,19.4481,4.9426,36.6682,210.451,0.403,0.148,,,-9.99,,,,
20100003,1997.076182,31.634,64.254,,142,,140.9665,19.3962,4.9366,36.6629,209.587,0.402,0.146,,,-9.99,,,,
20100003,1997.076182,31.634,64.254,,144,,142.9513,19.3435,4.9304,36.6572,208.635,0.401,0.152,,,-9.99,,,,
20100003,1997.076182,31.634,64.254,,146,,144.936,19.2565,4.9202,36.6472,207.397,0.4,0.164,,,-9.99,,,,
20100003,1997.076182,31.634,64.254,,148,,146.9207,19.1235,4.9046,36.6327,205.686,0.397,0.139,,,-9.99,,,,
20100003,1997.076182,31.634,64.254,,150,,148.9054,18.8974,4.8782,36.6097,204.45,0.395,0.13,,,-9.99,,,,
20100003,1997.076182,31.634,64.254,,152,,150.8901,18.8547,4.8734,36.6061,203.092,0.394,0.136,,,-9.99,,,,
20100003,1997.076182,31.634,64.254,,154,,152.8748,18.7885,4.8659,36.6006,202.955,0.394,0.137,,,-9.99,,,,
20100003,1997.076182,31.634,64.254,,156,,154.8594,18.7519,4.8619,36.5987,202.759,0.393,0.127,,,-9.99,,,,
20100003,1997.076182,31.634,64.254,,158,,156.844,18.7227,4.8587,36.5968,202.44,0.393,0.122,,,-9.99,,,,
20100003,1997.076182,31.634,64.254,,160,,158.8286,18.7057,4.8569,36.5957,202.11,0.391,0.121,,,-9.99,,,,
20100003,1997.076182,31.634,64.254,,162,,160.8132,18.6936,4.8556,36.5947,201.902,0.39,0.113,,,-9.99,,,,
20100003,1997.076182,31.634,64.254,,164,,162.7978,18.6774,4.8538,36.5931,201.551,0.39,0.119,,,-9.99,,,,
20100003,1997.076182,31.634,64.254,,166,,164.7823,18.6648,4.8524,36.5921,201.715,0.39,0.108,,,-9.99,,,,
20100003,1997.076182,31.634,64.254,,168,,166.7668,18.6518,4.851,36.5909,201.552,0.39,0.103,,,-9.99,,,,
20100003,1997.076182,31.634,64.254,,170,,168.7513,18.6429,4.8501,36.5899,201.478,0.39,0.097,,,-9.99,,,,
20100003,1997.076182,31.634,64.254,,172,,170.7358,18.6344,4.8492,36.589,201.437,0.39,0.098,,,-9.99,,,,
20100003,1997.076182,31.634,64.254,,174,,172.7203,18.6246,4.8481,36.5876,201.437,0.39,0.097,,,-9.99,,,,
20100003,1997.076182,31.634,64.254,,176,,174.7047,18.5873,4.8437,36.5831,201.487,0.389,0.101,,,-9.99,,,,
20100003,1997.076182,31.634,64.254,,178,,176.6891,18.5527,4.8399,36.5803,201.686,0.389,0.098,,,-9.99,,,,
20100003,1997.076182,31.634,64.254,,180,,178.6736,18.5404,4.8385,36.5789,201.981,0.388,0.103,,,-9.99,,,,
20100003,1997.076182,31.634,64.254,,182,,180.6579,18.5278,4.8372,36.5785,202.093,0.388,0.095,,,-9.99,,,,
20100003,1997.076182,31.634,64.254,,184,,182.6423,18.5109,4.8354,36.5769,201.971,0.388,0.086,,,-9.99,,,,
20100003,1997.076182,31.634,64.254,,186,,184.6267,18.4901,4.8331,36.5751,202.071,0.387,0.079,,,-9.99,,,,
20100003,1997.076182,31.634,64.254,,188,,186.611,18.4741,4.8313,36.5737,202.232,0.387,0.085,,,-9.99,,,,
20100003,1997.076182,31.634,64.254,,190,,188.5953,18.4656,4.8305,36.5732,202.484,0.386,0.087,,,-9.99,,,,
20100003,1997.076182,31.634,64.254,,192,,190.5796,18.4625,4.8302,36.5728,202.459,0.386,0.083,,,-9.99,,,,
20100003,1997.076182,31.634,64.254,,194,,192.5639,18.4535,4.8292,36.5718,202.585,0.386,0.064,,,-9.99,,,,
20100003,1997.076182,31.634,64.254,,196,,194.5481,18.4354,4.8272,36.5697,202.97,0.386,0.061,,,-9.99,,,,
20100003,1997.076182,31.634,64.254,,198,,196.5323,18.4166,4.825,36.5677,203.375,0.386,0.065,,,-9.99,,,,
20100003,1997.076182,31.634,64.254,,200,,198.5166,18.4061,4.8239,36.5667,203.655,0.386,0.062,,,-9.99,,,,
20100003,1997.076182,31.634,64.254,,202,,200.5008,18.402,4.8235,36.5663,203.73,0.386,0.059,,,-9.99,,,,
20100003,1997.076182,31.634,64.254,,204,,202.4849,18.3949,4.8228,36.5657,203.818,0.386,0.057,,,-9.99,,,,
20100003,1997.076182,31.634,64.254,,206,,204.4691,18.3914,4.8225,36.5654,203.874,0.386,0.066,,,-9.99,,,,
20100003,1997.076182,31.634,64.254,,208,,206.4532,18.3851,4.8218,36.5646,204.06,0.386,0.055,,,-9.99,,,,
20100003,1997.076182,31.634,64.254,,210,,208.4373,18.3754,4.8208,36.5637,204.392,0.386,0.045,,,-9.99,,,,
20100003,1997.076182,31.634,64.254,,212,,210.4214,18.3639,4.8195,36.5624,204.467,0.386,0.05,,,-9.99,,,,
20100003,1997.076182,31.634,64.254,,214,,212.4055,18.344,4.8173,36.56,204.646,0.385,0.044,,,-9.99,,,,
20100003,1997.076182,31.634,64.254,,216,,214.3896,18.3307,4.8158,36.5583,204.792,0.385,0.052,,,-9.99,,,,
20100003,1997.076182,31.634,64.254,,218,,216.3736,18.3177,4.8144,36.5573,204.988,0.384,0.053,,,-9.99,,,,
20100003,1997.076182,31.634,64.254,,220,,218.3577,18.3086,4.8135,36.5567,205.411,0.383,0.05,,,-9.99,,,,
20100003,1997.076182,31.634,64.254,,222,,220.3417,18.2987,4.8124,36.5559,205.642,0.383,0.047,,,-9.99,,,,
20100003,1997.076182,31.634,64.254,,224,,222.3256,18.2877,4.8112,36.5546,205.831,0.383,0.045,,,-9.99,,,,
20100003,1997.076182,31.634,64.254,,226,,224.3096,18.2878,4.8113,36.5542,205.995,0.383,0.039,,,-9.99,,,,
20100003,1997.076182,31.634,64.254,,228,,226.2936,18.2657,4.8087,36.5514,206.273,0.383,0.05,,,-9.99,,,,
20100003,1997.076182,31.634,64.254,,230,,228.2775,18.26,4.8081,36.5507,206.389,0.383,0.049,,,-9.99,,,,
20100003,1997.076182,31.634,64.254,,232,,230.2614,18.2516,4.8073,36.5499,206.569,0.383,0.044,,,-9.99,,,,
20100003,1997.076182,31.634,64.254,,234,,232.2453,18.2427,4.8063,36.5491,206.722,0.383,0.043,,,-9.99,,,,
20100003,1997.076182,31.634,64.254,,236,,234.2291,18.2327,4.8053,36.5482,206.8,0.383,0.037,,,-9.99,,,,
20100003,1997.076182,31.634,64.254,,238,,236.213,18.2252,4.8045,36.5472,206.74,0.383,0.034,,,-9.99,,,,
20100003,1997.076182,31.634,64.254,,240,,238.1968,18.2084,4.8024,36.5437,206.596,0.383,0.04,,,-9.99,,,,
20100003,1997.076182,31.634,64.254,,242,,240.1806,18.1961,4.8009,36.5413,206.555,0.383,0.045,,,-9.99,,,,
20100003,1997.076182,31.634,64.254,,244,,242.1644,18.1859,4.7997,36.5396,206.615,0.383,0.046,,,-9.99,,,,
20100003,1997.076182,31.634,64.254,,246,,244.1482,18.1838,4.7997,36.54,206.694,0.383,0.046,,,-9.99,,,,
20100003,1997.076182,31.634,64.254,,248,,246.132,18.1813,4.7995,36.5404,206.786,0.383,0.044,,,-9.99,,,,
20100003,1997.076182,31.634,64.254,,250,,248.1157,18.178,4.7993,36.5404,206.85,0.384,0.041,,,-9.99,,,,
20100003,1997.076182,31.634,64.254,,252,,250.0994,18.1743,4.7991,36.5415,206.987,0.383,0.043,,,-9.99,,,,
20100003,1997.076182,31.634,64.254,,254,,252.0831,18.168,4.7985,36.5411,206.965,0.383,0.039,,,-9.99,,,,
20100003,1997.076182,31.634,64.254,,256,,254.0668,18.1642,4.7982,36.5416,206.737,0.383,0.043,,,-9.99,,,,
20100003,1997.076182,31.634,64.254,,258,,256.0505,18.1611,4.798,36.5413,206.884,0.383,0.043,,,-9.99,,,,
20100003,1997.076182,31.634,64.254,,260,,258.0341,18.1568,4.7976,36.5407,207.111,0.383,0.041,,,-9.99,,,,
20100003,1997.076182,31.634,64.254,,262,,260.0177,18.1479,4.7966,36.5395,207.282,0.383,0.04,,,-9.99,,,,
20100003,1997.076182,31.634,64.254,,264,,262.0013,18.1438,4.7963,36.5398,207.319,0.383,0.038,,,-9.99,,,,
20100003,1997.076182,31.634,64.254,,266,,263.9849,18.1394,4.7959,36.54,207.362,0.383,0.038,,,-9.99,,,,
20100003,1997.076182,31.634,64.254,,268,,265.9685,18.1363,4.7956,36.5396,207.51,0.384,0.043,,,-9.99,,,,
20100003,1997.076182,31.634,64.254,,270,,267.952,18.1312,4.7951,36.5389,207.634,0.384,0.044,,,-9.99,,,,
20100003,1997.076182,31.634,64.254,,272,,269.9355,18.1219,4.7941,36.5377,207.707,0.384,0.037,,,-9.99,,,,
20100003,1997.076182,31.634,64.254,,274,,271.919,18.1179,4.7937,36.537,207.881,0.384,0.039,,,-9.99,,,,
20100003,1997.076182,31.634,64.254,,276,,273.9025,18.111,4.793,36.5363,208.028,0.384,0.035,,,-9.99,,,,
20100003,1997.076182,31.634,64.254,,278,,275.886,18.1036,4.7922,36.5356,208.219,0.384,0.032,,,-9.99,,,,
20100003,1997.076182,31.634,64.254,,280,,277.8694,18.1005,4.792,36.5355,208.437,0.383,0.036,,,-9.99,,,,
20100003,1997.076182,31.634,64.254,,282,,279.8529,18.0933,4.7912,36.5346,208.346,0.383,0.038,,,-9.99,,,,
20100003,1997.076182,31.634,64.254,,284,,281.8363,18.0928,4.7913,36.5355,208.526,0.383,0.038,,,-9.99,,,,
20100003,1997.076182,31.634,64.254,,286,,283.8197,18.094,4.7916,36.5359,208.724,0.383,0.039,,,-9.99,,,,
20100003,1997.076182,31.634,64.254,,288,,285.803,18.0881,4.791,36.5355,208.829,0.383,0.034,,,-9.99,,,,
20100003,1997.076182,31.634,64.254,,290,,287.7864,18.0872,4.791,36.5354,208.597,0.384,0.032,,,-9.99,,,,
20100003,1997.076182,31.634,64.254,,292,,289.7697,18.0777,4.79,36.5346,208.698,0.384,0.035,,,-9.99,,,,
20100003,1997.076182,31.634,64.254,,294,,291.753,18.0715,4.7894,36.5337,208.785,0.385,0.048,,,-9.99,,,,
20100003,1997.076182,31.634,64.254,,296,,293.7363,18.0611,4.7882,36.5325,208.825,0.385,0.026,,,-9.99,,,,
20100003,1997.076182,31.634,64.254,,298,,295.7196,18.0594,4.7881,36.5322,208.912,0.385,0.033,,,-9.99,,,,
20100003,1997.076182,31.634,64.254,,300,,297.7029,18.0531,4.7875,36.5316,208.991,0.385,0.041,,,-9.99,,,,
20100003,1997.076182,31.634,64.254,,302,,299.6861,18.0483,4.7871,36.5315,209.215,0.384,0.041,,,-9.99,,,,
20100003,1997.076182,31.634,64.254,,304,,301.6693,18.0464,4.7869,36.5315,209.144,0.385,0.033,,,-9.99,,,,
20100003,1997.076182,31.634,64.254,,306,,303.6525,18.0414,4.7865,36.5314,209.282,0.385,0.031,,,-9.99,,,,
20100003,1997.076182,31.634,64.254,,308,,305.6357,18.0386,4.7863,36.531,209.247,0.384,0.038,,,-9.99,,,,
20100003,1997.076182,31.634,64.254,,310,,307.6189,18.0309,4.7854,36.5298,209.155,0.385,0.039,,,-9.99,,,,
20100003,1997.076182,31.634,64.254,,312,,309.602,18.0222,4.7844,36.5286,209.273,0.385,0.043,,,-9.99,,,,
20100003,1997.076182,31.634,64.254,,314,,311.5851,18.0179,4.784,36.5281,209.386,0.385,0.043,,,-9.99,,,,
20100003,1997.076182,31.634,64.254,,316,,313.5682,18.0122,4.7834,36.5272,209.546,0.385,0.037,,,-9.99,,,,
20100003,1997.076182,31.634,64.254,,318,,315.5513,18.0082,4.783,36.5266,209.455,0.385,0.036,,,-9.99,,,,
20100003,1997.076182,31.634,64.254,,320,,317.5344,18.0024,4.7824,36.5259,209.286,0.385,0.036,,,-9.99,,,,
20100003,1997.076182,31.634,64.254,,322,,319.5174,17.9965,4.7818,36.5249,209.265,0.385,0.034,,,-9.99,,,,
20100003,1997.076182,31.634,64.254,,324,,321.5005,17.991,4.7812,36.524,209.282,0.385,0.033,,,-9.99,,,,
20100003,1997.076182,31.634,64.254,,326,,323.4835,17.9865,4.7807,36.5233,209.337,0.385,0.03,,,-9.99,,,,
20100003,1997.076182,31.634,64.254,,328,,325.4665,17.9812,4.7802,36.5225,209.339,0.385,0.028,,,-9.99,,,,
20100003,1997.076182,31.634,64.254,,330,,327.4494,17.9763,4.7797,36.5218,209.376,0.385,0.028,,,-9.99,,,,
20100003,1997.076182,31.634,64.254,,332,,329.4324,17.973,4.7794,36.5212,209.363,0.385,0.039,,,-9.99,,,,
20100003,1997.076182,31.634,64.254,,334,,331.4153,17.9694,4.779,36.5206,209.379,0.385,0.04,,,-9.99,,,,
20100003,1997.076182,31.634,64.254,,336,,333.3982,17.9651,4.7786,36.5201,209.451,0.385,0.039,,,-9.99,,,,
20100003,1997.076182,31.634,64.254,,338,,335.3811,17.9631,4.7784,36.52,209.523,0.385,0.037,,,-9.99,,,,
20100003,1997.076182,31.634,64.254,,340,,337.364,17.9614,4.7783,36.5199,209.542,0.385,0.039,,,-9.99,,,,
20100003,1997.076182,31.634,64.254,,342,,339.3469,17.9567,4.7779,36.5192,209.385,0.385,0.038,,,-9.99,,,,
20100003,1997.076182,31.634,64.254,,344,,341.3297,17.9502,4.7772,36.5185,209.33,0.385,0.036,,,-9.99,,,,
20100003,1997.076182,31.634,64.254,,346,,343.3125,17.9476,4.777,36.518,209.369,0.385,0.038,,,-9.99,,,,
20100003,1997.076182,31.634,64.254,,348,,345.2953,17.9455,4.7768,36.5176,209.315,0.385,0.033,,,-9.99,,,,
20100003,1997.076182,31.634,64.254,,350,,347.2781,17.9376,4.7759,36.5164,209.328,0.386,0.035,,,-9.99,,,,
20100003,1997.076182,31.634,64.254,,352,,349.2609,17.9311,4.7752,36.5152,209.057,0.386,0.038,,,-9.99,,,,
20100003,1997.076182,31.634,64.254,,354,,351.2436,17.9191,4.7738,36.5129,209.039,0.385,0.034,,,-9.99,,,,
20100003,1997.076182,31.634,64.254,,356,,353.2263,17.9106,4.7728,36.5117,209.073,0.386,0.038,,,-9.99,,,,
20100003,1997.076182,31.634,64.254,,358,,355.209,17.9056,4.7723,36.511,209.138,0.385,0.043,,,-9.99,,,,
20100003,1997.076182,31.634,64.254,,360,,357.1917,17.9014,4.7719,36.5102,209.116,0.386,0.04,,,-9.99,,,,
20100003,1997.076182,31.634,64.254,,362,,359.1744,17.9034,4.7724,36.5121,209.176,0.386,0.045,,,-9.99,,,,
20100003,1997.076182,31.634,64.254,,364,,361.157,17.9032,4.7726,36.5129,209.364,0.386,0.039,,,-9.99,,,,
20100003,1997.076182,31.634,64.254,,366,,363.1397,17.8997,4.7722,36.5122,209.415,0.386,0.038,,,-9.99,,,,
20100003,1997.076182,31.634,64.254,,368,,365.1223,17.8862,4.7706,36.5096,209.128,0.386,0.04,,,-9.99,,,,
20100003,1997.076182,31.634,64.254,,370,,367.1049,17.8707,4.7688,36.5073,209.141,0.386,0.026,,,-9.99,,,,
20100003,1997.076182,31.634,64.254,,372,,369.0874,17.8687,4.7686,36.5068,209.123,0.386,0.033,,,-9.99,,,,
20100003,1997.076182,31.634,64.254,,374,,371.07,17.8621,4.7679,36.5058,209.075,0.386,0.031,,,-9.99,,,,
20100003,1997.076182,31.634,64.254,,376,,373.0525,17.8548,4.7671,36.5043,208.907,0.386,0.029,,,-9.99,,,,
20100003,1997.076182,31.634,64.254,,378,,375.035,17.8431,4.7656,36.5015,208.829,0.386,0.029,,,-9.99,,,,
20100003,1997.076182,31.634,64.254,,380,,377.0175,17.8244,4.7633,36.4976,208.641,0.386,0.039,,,-9.99,,,,
20100003,1997.076182,31.634,64.254,,382,,379,17.8085,4.7613,36.4941,208.477,0.386,0.038,,,-9.99,,,,
20100003,1997.076182,31.634,64.254,,384,,380.9824,17.7964,4.7598,36.4911,208.293,0.387,0.041,,,-9.99,,,,
20100003,1997.076182,31.634,64.254,,386,,382.9649,17.7778,4.7574,36.4864,208.058,0.387,0.039,,,-9.99,,,,
20100003,1997.076182,31.634,64.254,,388,,384.9473,17.7585,4.755,36.4823,207.787,0.386,0.037,,,-9.99,,,,
20100003,1997.076182,31.634,64.254,,390,,386.9297,17.7389,4.7526,36.4785,207.32,0.386,0.032,,,-9.99,,,,
20100003,1997.076182,31.634,64.254,,392,,388.9121,17.7231,4.7507,36.4752,206.945,0.386,0.03,,,-9.99,,,,
20100003,1997.076182,31.634,64.254,,394,,390.8944,17.7005,4.7479,36.4706,206.595,0.386,0.03,,,-9.99,,,,
20100003,1997.076182,31.634,64.254,,396,,392.8768,17.6774,4.7451,36.4665,206.452,0.386,0.041,,,-9.99,,,,
20100003,1997.076182,31.634,64.254,,398,,394.8591,17.6678,4.744,36.4643,206.139,0.386,0.04,,,-9.99,,,,
20100003,1997.076182,31.634,64.254,,400,,396.8414,17.6517,4.7421,36.4617,205.761,0.386,0.039,,,-9.99,,,,
20100003,1997.076182,31.634,64.254,,402,,398.8237,17.6355,4.7402,36.4593,205.647,0.386,0.039,,,-9.99,,,,
20100003,1997.076182,31.634,64.254,,404,,400.806,17.6187,4.7383,36.4567,205.569,0.386,0.036,,,-9.99,,,,
20100003,1997.076182,31.634,64.254,,406,,402.7882,17.5962,4.7356,36.4526,205.469,0.386,0.032,,,-9.99,,,,
20100003,1997.076182,31.634,64.254,,408,,404.7704,17.5753,4.7331,36.4492,205.033,0.386,0.034,,,-9.99,,,,
20100003,1997.076182,31.634,64.254,,410,,406.7526,17.5632,4.7317,36.4473,204.601,0.387,0.033,,,-9.99,,,,
20100003,1997.076182,31.634,64.254,,412,,408.7348,17.5304,4.7275,36.4397,204.562,0.387,0.034,,,-9.99,,,,
20100003,1997.076182,31.634,64.254,,414,,410.717,17.5292,4.7273,36.4385,203.963,0.387,0.036,,,-9.99,,,,
20100003,1997.076182,31.634,64.254,,416,,412.6991,17.4731,4.7205,36.4285,203.827,0.387,0.04,,,-9.99,,,,
20100003,1997.076182,31.634,64.254,,418,,414.6813,17.4524,4.7181,36.4258,203.68,0.387,0.038,,,-9.99,,,,
20100003,1997.076182,31.634,64.254,,420,,416.6634,17.4259,4.7149,36.4206,203.259,0.387,0.028,,,-9.99,,,,
20100003,1997.076182,31.634,64.254,,422,,418.6455,17.3925,4.7107,36.4141,202.911,0.387,0.026,,,-9.99,,,,
20100003,1997.076182,31.634,64.254,,424,,420.6276,17.38,4.7093,36.4119,202.709,0.387,0.033,,,-9.99,,,,
20100003,1997.076182,31.634,64.254,,426,,422.6096,17.3672,4.7077,36.4092,202.344,0.388,0.042,,,-9.99,,,,
20100003,1997.076182,31.634,64.254,,428,,424.5916,17.3292,4.7031,36.4018,201.881,0.388,0.04,,,-9.99,,,,
20100003,1997.076182,31.634,64.254,,430,,426.5737,17.3152,4.7014,36.3994,201.63,0.387,0.039,,,-9.99,,,,
20100003,1997.076182,31.634,64.254,,432,,428.5557,17.3047,4.7002,36.3971,201.524,0.388,0.038,,,-9.99,,,,
20100003,1997.076182,31.634,64.254,,434,,430.5376,17.2582,4.6944,36.3882,201.032,0.388,0.04,,,-9.99,,,,
20100003,1997.076182,31.634,64.254,,436,,432.5196,17.2186,4.6896,36.3809,200.587,0.388,0.043,,,-9.99,,,,
20100003,1997.076182,31.634,64.254,,438,,434.5015,17.1768,4.6845,36.3732,200.093,0.387,0.041,,,-9.99,,,,
20100003,1997.076182,31.634,64.254,,440,,436.4835,17.1695,4.6836,36.3716,200.067,0.388,0.045,,,-9.99,,,,
20100003,1997.076182,31.634,64.254,,442,,438.4654,17.1469,4.6809,36.3672,199.529,0.388,0.036,,,-9.99,,,,
20100003,1997.076182,31.634,64.254,,444,,440.4473,17.1142,4.6769,36.3612,199.052,0.387,0.038,,,-9.99,,,,
20100003,1997.076182,31.634,64.254,,446,,442.4291,17.0941,4.6745,36.3576,199.184,0.387,0.046,,,-9.99,,,,
20100003,1997.076182,31.634,64.254,,448,,444.411,17.0852,4.6733,36.3544,198.744,0.387,0.046,,,-9.99,,,,
20100003,1997.076182,31.634,64.254,,450,,446.3928,17.0473,4.6687,36.3476,198.618,0.387,0.043,,,-9.99,,,,
20100003,1997.076182,31.634,64.254,,452,,448.3746,16.9979,4.6628,36.3398,198.391,0.388,0.039,,,-9.99,,,,
20100003,1997.076182,31.634,64.254,,454,,450.3564,16.9587,4.6581,36.3332,198.087,0.388,0.031,,,-9.99,,,,
20100003,1997.076182,31.634,64.254,,456,,452.3382,16.9471,4.6568,36.3313,197.97,0.387,0.035,,,-9.99,,,,
20100003,1997.076182,31.634,64.254,,458,,454.3199,16.9417,4.6562,36.3303,197.737,0.388,0.036,,,-9.99,,,,
20100003,1997.076182,31.634,64.254,,460,,456.3016,16.9266,4.6545,36.3276,197.507,0.388,0.034,,,-9.99,,,,
20100003,1997.076182,31.634,64.254,,462,,458.2834,16.9041,4.6518,36.3237,197.285,0.388,0.032,,,-9.99,,,,
20100003,1997.076182,31.634,64.254,,464,,460.2651,16.8862,4.6498,36.3211,197.077,0.388,0.029,,,-9.99,,,,
20100003,1997.076182,31.634,64.254,,466,,462.2467,16.8751,4.6485,36.3194,196.841,0.388,0.029,,,-9.99,,,,
20100003,1997.076182,31.634,64.254,,468,,464.2284,16.86,4.6468,36.3169,196.654,0.388,0.029,,,-9.99,,,,
20100003,1997.076182,31.634,64.254,,470,,466.21,16.8144,4.6412,36.3088,196.289,0.393,0.032,,,-9.99,,,,
20100003,1997.076182,31.634,64.254,,472,,468.1916,16.7696,4.6358,36.3008,195.961,0.392,0.035,,,-9.99,,,,
20100003,1997.076182,31.634,64.254,,474,,470.1732,16.7117,4.6289,36.291,195.569,0.387,0.037,,,-9.99,,,,
20100003,1997.076182,31.634,64.254,,476,,472.1548,16.6979,4.6272,36.2882,195.759,0.388,0.037,,,-9.99,,,,
20100003,1997.076182,31.634,64.254,,478,,474.1364,16.6777,4.6248,36.2842,195.609,0.388,0.034,,,-9.99,,,,
20100003,1997.076182,31.634,64.254,,480,,476.1179,16.6479,4.6213,36.2796,195.259,0.388,0.029,,,-9.99,,,,
20100003,1997.076182,31.634,64.254,,482,,478.0994,16.6344,4.6197,36.2774,194.485,0.388,0.034,,,-9.99,,,,
20100003,1997.076182,31.634,64.254,,484,,480.0809,16.6208,4.6182,36.2753,194.361,0.388,0.031,,,-9.99,,,,
20100003,1997.076182,31.634,64.254,,486,,482.0624,16.6057,4.6164,36.2726,194.06,0.388,0.03,,,-9.99,,,,
20100003,1997.076182,31.634,64.254,,488,,484.0439,16.5884,4.6144,36.2694,193.86,0.388,0.034,,,-9.99,,,,
20100003,1997.076182,31.634,64.254,,490,,486.0253,16.525,4.6067,36.2578,193.469,0.388,0.027,,,-9.99,,,,
20100003,1997.076182,31.634,64.254,,492,,488.0068,16.4875,4.6022,36.2517,192.646,0.388,0.037,,,-9.99,,,,
20100003,1997.076182,31.634,64.254,,494,,489.9882,16.4572,4.5986,36.2461,191.794,0.388,0.047,,,-9.99,,,,
20100003,1997.076182,31.634,64.254,,496,,491.9696,16.4417,4.5967,36.2431,190.942,0.388,0.043,,,-9.99,,,,
20100003,1997.076182,31.634,64.254,,498,,493.9509,16.4247,4.5947,36.2401,190.074,0.388,0.039,,,-9.99,,,,
20100003,1997.076182,31.634,64.254,,500,,495.9323,16.4086,4.5928,36.2371,189.373,0.388,0.039,,,-9.99,,,,
20100003,1997.076182,31.634,64.254,,502,,497.9136,16.3693,4.5881,36.2298,188.284,0.388,0.037,,,-9.99,,,,
20100003,1997.076182,31.634,64.254,,504,,499.8949,16.3189,4.5819,36.2199,187.329,0.389,0.04,,,-9.99,,,,
