20137001,2000.160771,32.249,64.536,,,,6,,,,5.958,19.9193,4.9913,36.7092,220.5,-9.99,0.15,,,-9.99
20137001,2000.160771,32.249,64.536,,,,8,,,,7.944,19.915,4.9909,36.709,220.26,-9.99,0.154,,,-9.99
20137001,2000.160771,32.249,64.536,,,10,,,,9.9299,19.903,4.9897,36.709,220.16,-9.99,0.163,,,-9.99,
20137001,2000.160771,32.249,64.536,,,12,,,11.9158,19.8975,4.9892,36.7094,220.19,-9.99,0.164,,,-9.99,,
20137001,2000.160771,32.249,64.536,,,14,,,13.9017,19.8868,4.9883,36.7099,220.48,-9.99,0.178,,,-9.99,,
20137001,2000.160771,32.249,64.536,,,16,,,15.8876,19.8886,4.9886,36.71,220.19,-9.99,0.187,,,-9.99,,
20137001,2000.160771,32.249,64.536,,,18,,,17.8735,19.8861,4.9884,36.7101,219.94,-9.99,0.203,,,-9.99,,
20137001,2000.160771,32.249,64.536,,,20,,,19.8593,19.8809,4.988,36.7103,220.5,-9.99,0.21,,,-9.99,,
20137001,2000.160771,32.249,64.536,,,22,,,21.8451,19.8786,4.9878,36.7104,221,-9.99,0.217,,,-9.99,,
20137001,2000.160771,32.249,64.536,,,24,,,23.8309,19.8781,4.9879,36.7104,220.66,-9.99,0.223,,,-9.99,,
20137001,2000.160771,32.249,64.536,,,26,,,25.8167,19.8783,4.988,36.7105,220.71,-9.99,0.239,,,-9.99,,
20137001,2000.160771,32.249,64.536,,,28,,,27.8025,19.8773,4.988,36.7106,220.89,-9.99,0.254,,,-9.99,,
20137001,2000.160771,32.249,64.536,,,30,,,29.7882,19.8696,4.9873,36.7108,220.04,-9.99,0.256,,,-9.99,,
20137001,2000.160771,32.249,64.536,,,32,,,31.774,19.8685,4.9873,36.7116,219.13,-9.99,0.284,,,-9.99,,
20137001,2000.160771,32.249,64.536,,,34,,,33.7597,19.8689,4.9875,36.7118,219.54,-9.99,0.286,,,-9.99,,
20137001,2000.160771,32.249,64.536,,,36,,,35.7454,19.8652,4.9872,36.7116,220.05,-9.99,0.285,,,-9.99,,
20137001,2000.160771,32.249,64.536,,,38,,,37.731,19.8553,4.9861,36.7109,219.3,-9.99,0.299,,,-9.99,,
20137001,2000.160771,32.249,64.536,,,40,,,39.7167,19.8531,4.9859,36.7103,219.78,-9.99,0.298,,,-9.99,,
20137001,2000.160771,32.249,64.536,,,42,,,41.7023,19.8506,4.9857,36.71,219.26,-9.99,0.303,,,-9.99,,
20137002,2000.164176,31.571,64.284,,,,6,,,,5.9583,19.3144,4.9191,36.6403,220.57,-9.99,-9.99,,,-9.99
20137002,2000.164176,31.571,64.284,,,,8,,,,7.9444,19.3152,4.9193,36.6402,220.8,-9.99,-9.99,,,-9.99
20137002,2000.164176,31.571,64.284,,,10,,,,9.9305,19.3219,4.9202,36.6414,220.39,-9.99,-9.99,,,-9.99,
20137002,2000.164176,31.571,64.284,,,12,,,11.9165,19.3184,4.9198,36.6405,220.88,-9.99,-9.99,,,-9.99,,
20137002,2000.164176,31.571,64.284,,,14,,,13.9025,19.3155,4.9195,36.6397,221.25,-9.99,-9.99,,,-9.99,,
20137002,2000.164176,31.571,64.284,,,16,,,15.8885,19.3122,4.9191,36.6386,220.75,-9.99,-9.99,,,-9.99,,
20137002,2000.164176,31.571,64.284,,,18,,,17.8745,19.3109,4.919,36.6381,220.95,-9.99,-9.99,,,-9.99,,
20137002,2000.164176,31.571,64.284,,,20,,,19.8604,19.3131,4.9194,36.6385,221.66,-9.99,-9.99,,,-9.99,,
20137002,2000.164176,31.571,64.284,,,22,,,21.8464,19.3152,4.9197,36.6387,221.85,-9.99,-9.99,,,-9.99,,
20137002,2000.164176,31.571,64.284,,,24,,,23.8323,19.3137,4.9196,36.6381,222.12,-9.99,-9.99,,,-9.99,,
20137002,2000.164176,31.571,64.284,,,26,,,25.8182,19.3111,4.9194,36.6379,222.28,-9.99,-9.99,,,-9.99,,
20137002,2000.164176,31.571,64.284,,,28,,,27.804,19.3125,4.9196,36.6379,221.93,-9.99,-9.99,,,-9.99,,
20137002,2000.164176,31.571,64.284,,,30,,,29.7899,19.3141,4.92,36.6384,223.89,-9.99,-9.99,,,-9.99,,
20137002,2000.164176,31.571,64.284,,,32,,,31.7757,19.3098,4.9195,36.6374,223.3,-9.99,-9.99,,,-9.99,,
20137002,2000.164176,31.571,64.284,,,34,,,33.7616,19.3075,4.9192,36.6363,222.19,-9.99,-9.99,,,-9.99,,
20137002,2000.164176,31.571,64.284,,,36,,,35.7474,19.3095,4.9196,36.6368,222.25,-9.99,-9.99,,,-9.99,,
20137002,2000.164176,31.571,64.284,,,38,,,37.7332,19.3088,4.9195,36.6366,222.04,-9.99,-9.99,,,-9.99,,
20137002,2000.164176,31.571,64.284,,,40,,,39.7189,19.3087,4.9196,36.6365,221.75,-9.99,-9.99,,,-9.99,,
20137002,2000.164176,31.571,64.284,,,42,,,41.7047,19.3102,4.9199,36.6369,221.64,-9.99,-9.99,,,-9.99,,
20137002,2000.164176,31.571,64.284,,,44,,,43.6904,19.3096,4.9199,36.6368,221.44,-9.99,-9.99,,,-9.99,,
20137002,2000.164176,31.571,64.284,,,46,,,45.6761,19.2952,4.918,36.6328,221.21,-9.99,-9.99,,,-9.99,,
20137002,2000.164176,31.571,64.284,,,48,,,47.6618,19.2853,4.9167,36.63,221.3,-9.99,-9.99,,,-9.99,,
20137002,2000.164176,31.571,64.284,,,50,,,49.6474,19.2874,4.9171,36.6303,221.19,-9.99,-9.99,,,-9.99,,
20137002,2000.164176,31.571,64.284,,,52,,,51.6331,19.2914,4.9177,36.6312,220.99,-9.99,-9.99,,,-9.99,,
20137002,2000.164176,31.571,64.284,,,54,,,53.6187,19.2913,4.9178,36.6313,221.11,-9.99,-9.99,,,-9.99,,
20137002,2000.164176,31.571,64.284,,,56,,,55.6043,19.2848,4.917,36.6296,221.6,-9.99,-9.99,,,-9.99,,
20137002,2000.164176,31.571,64.284,,,58,,,57.5899,19.2888,4.9176,36.6302,221.22,-9.99,-9.99,,,-9.99,,
20137002,2000.164176,31.571,64.284,,,60,,,59.5755,19.2874,4.9175,36.6301,220.85,-9.99,-9.99,,,-9.99,,
20137002,2000.164176,31.571,64.284,,,62,,,61.561,19.2889,4.9178,36.6305,220.13,-9.99,-9.99,,,-9.99,,
20137002,2000.164176,31.571,64.284,,,64,,,63.5466,19.2869,4.9176,36.6299,220.21,-9.99,-9.99,,,-9.99,,
20137002,2000.164176,31.571,64.284,,,66,,,65.5321,19.2844,4.9174,36.6291,220.87,-9.99,-9.99,,,-9.99,,
20137002,2000.164176,31.571,64.284,,,68,,,67.5176,19.2814,4.917,36.6284,220.78,-9.99,-9.99,,,-9.99,,
20137002,2000.164176,31.571,64.284,,,70,,,69.503,19.2853,4.9177,36.6293,220.96,-9.99,-9.99,,,-9.99,,
20137002,2000.164176,31.571,64.284,,,72,,,71.4885,19.2889,4.9182,36.6301,220.8,-9.99,-9.99,,,-9.99,,
20137002,2000.164176,31.571,64.284,,,74,,,73.4739,19.2928,4.9188,36.6311,220.79,-9.99,-9.99,,,-9.99,,
20137002,2000.164176,31.571,64.284,,,76,,,75.4593,19.2975,4.9196,36.6326,221.57,-9.99,-9.99,,,-9.99,,
20137002,2000.164176,31.571,64.284,,,78,,,77.4447,19.2972,4.9196,36.6325,222.01,-9.99,-9.99,,,-9.99,,
20137002,2000.164176,31.571,64.284,,,80,,,79.4301,19.2941,4.9193,36.6313,221.34,-9.99,-9.99,,,-9.99,,
20137002,2000.164176,31.571,64.284,,,82,,,81.4155,19.2952,4.9195,36.6313,220.66,-9.99,-9.99,,,-9.99,,
20137002,2000.164176,31.571,64.284,,,84,,,83.4008,19.296,4.9197,36.6315,220.44,-9.99,-9.99,,,-9.99,,
20137002,2000.164176,31.571,64.284,,,86,,,85.3861,19.2955,4.9197,36.6312,221.59,-9.99,-9.99,,,-9.99,,
20137002,2000.164176,31.571,64.284,,,88,,,87.3714,19.2947,4.9196,36.6309,221.89,-9.99,-9.99,,,-9.99,,
20137002,2000.164176,31.571,64.284,,,90,,,89.3567,19.2951,4.9198,36.6312,221.65,-9.99,-9.99,,,-9.99,,
20137002,2000.164176,31.571,64.284,,,92,,,91.342,19.2945,4.9198,36.6308,221.32,-9.99,-9.99,,,-9.99,,
20137002,2000.164176,31.571,64.284,,,94,,,93.3272,19.2944,4.9199,36.6308,221.25,-9.99,-9.99,,,-9.99,,
20137002,2000.164176,31.571,64.284,,,96,,,95.3124,19.2933,4.9198,36.63,221.46,-9.99,-9.99,,,-9.99,,
20137002,2000.164176,31.571,64.284,,,98,,,97.2976,19.2945,4.92,36.6301,221.65,-9.99,-9.99,,,-9.99,,
20137002,2000.164176,31.571,64.284,,100,,,99.2828,19.295,4.9201,36.6301,221.75,-9.99,-9.99,,,-9.99,,,
20137002,2000.164176,31.571,64.284,,102,,101.268,19.2937,4.92,36.6298,221.69,-9.99,-9.99,,,-9.99,,,,
20137002,2000.164176,31.571,64.284,,104,,103.2531,19.2932,4.9201,36.6298,221.38,-9.99,-9.99,,,-9.99,,,,
20137002,2000.164176,31.571,64.284,,106,,105.2383,19.2914,4.9199,36.6291,220.37,-9.99,-9.99,,,-9.99,,,,
20137002,2000.164176,31.571,64.284,,108,,107.2234,19.2891,4.9197,36.6284,220.58,-9.99,-9.99,,,-9.99,,,,
20137002,2000.164176,31.571,64.284,,110,,109.2085,19.2859,4.9193,36.6277,220.84,-9.99,-9.99,,,-9.99,,,,
20137002,2000.164176,31.571,64.284,,112,,111.1935,19.29,4.92,36.6289,220.72,-9.99,-9.99,,,-9.99,,,,
20137002,2000.164176,31.571,64.284,,114,,113.1786,19.2985,4.9213,36.6312,220.73,-9.99,-9.99,,,-9.99,,,,
20137002,2000.164176,31.571,64.284,,116,,115.1636,19.3015,4.9217,36.6319,220.91,-9.99,-9.99,,,-9.99,,,,
20137002,2000.164176,31.571,64.284,,118,,117.1486,19.3033,4.922,36.6321,221.2,-9.99,-9.99,,,-9.99,,,,
20137002,2000.164176,31.571,64.284,,120,,119.1336,19.3016,4.9219,36.6316,221.77,-9.99,-9.99,,,-9.99,,,,
20137002,2000.164176,31.571,64.284,,122,,121.1186,19.3004,4.9219,36.6316,221.72,-9.99,-9.99,,,-9.99,,,,
20137002,2000.164176,31.571,64.284,,124,,123.1036,19.301,4.922,36.6317,221.56,-9.99,-9.99,,,-9.99,,,,
20137002,2000.164176,31.571,64.284,,126,,125.0885,19.303,4.9224,36.632,221.5,-9.99,-9.99,,,-9.99,,,,
20137002,2000.164176,31.571,64.284,,128,,127.0734,19.3038,4.9225,36.6321,221.48,-9.99,-9.99,,,-9.99,,,,
20137002,2000.164176,31.571,64.284,,130,,129.0583,19.304,4.9227,36.6321,221.34,-9.99,-9.99,,,-9.99,,,,
20137002,2000.164176,31.571,64.284,,132,,131.0432,19.3044,4.9228,36.632,221.03,-9.99,-9.99,,,-9.99,,,,
20137002,2000.164176,31.571,64.284,,134,,133.028,19.3062,4.9231,36.6321,220.74,-9.99,-9.99,,,-9.99,,,,
20137002,2000.164176,31.571,64.284,,136,,135.0129,19.3087,4.9234,36.6323,220.87,-9.99,-9.99,,,-9.99,,,,
20137002,2000.164176,31.571,64.284,,138,,136.9977,19.3047,4.923,36.6314,221.27,-9.99,-9.99,,,-9.99,,,,
20137002,2000.164176,31.571,64.284,,140,,138.9825,19.297,4.9221,36.63,220.41,-9.99,-9.99,,,-9.99,,,,
20137002,2000.164176,31.571,64.284,,142,,140.9673,19.2966,4.9221,36.6297,219.79,-9.99,-9.99,,,-9.99,,,,
20137002,2000.164176,31.571,64.284,,144,,142.952,19.29,4.9213,36.6277,220.09,-9.99,-9.99,,,-9.99,,,,
20137002,2000.164176,31.571,64.284,,146,,144.9368,19.2864,4.9209,36.6269,221.51,-9.99,-9.99,,,-9.99,,,,
20137002,2000.164176,31.571,64.284,,148,,146.9215,19.2903,4.9215,36.6277,220.55,-9.99,-9.99,,,-9.99,,,,
20137002,2000.164176,31.571,64.284,,150,,148.9062,19.2931,4.922,36.6283,220.19,-9.99,-9.99,,,-9.99,,,,
20137002,2000.164176,31.571,64.284,,152,,150.8909,19.2844,4.9209,36.6264,220.57,-9.99,-9.99,,,-9.99,,,,
20137002,2000.164176,31.571,64.284,,154,,152.8756,19.2828,4.9208,36.6259,221.21,-9.99,-9.99,,,-9.99,,,,
20137002,2000.164176,31.571,64.284,,156,,154.8602,19.2738,4.9197,36.6238,221.09,-9.99,-9.99,,,-9.99,,,,
20137002,2000.164176,31.571,64.284,,158,,156.8448,19.2613,4.9181,36.6208,220.5,-9.99,-9.99,,,-9.99,,,,
20137002,2000.164176,31.571,64.284,,160,,158.8294,19.2536,4.9171,36.6188,218.89,-9.99,-9.99,,,-9.99,,,,
20137002,2000.164176,31.571,64.284,,162,,160.814,19.2534,4.9172,36.6185,217.74,-9.99,-9.99,,,-9.99,,,,
20137002,2000.164176,31.571,64.284,,164,,162.7986,19.2533,4.9172,36.6181,217.66,-9.99,-9.99,,,-9.99,,,,
20137002,2000.164176,31.571,64.284,,166,,164.7832,19.2529,4.9172,36.6179,217.97,-9.99,-9.99,,,-9.99,,,,
20137002,2000.164176,31.571,64.284,,168,,166.7677,19.2536,4.9174,36.6181,217.27,-9.99,-9.99,,,-9.99,,,,
20137002,2000.164176,31.571,64.284,,170,,168.7522,19.2623,4.9187,36.6204,215.79,-9.99,-9.99,,,-9.99,,,,
20137002,2000.164176,31.571,64.284,,172,,170.7367,19.2544,4.9177,36.6183,215.3,-9.99,-9.99,,,-9.99,,,,
20137002,2000.164176,31.571,64.284,,174,,172.7212,19.2522,4.9174,36.6175,215,-9.99,-9.99,,,-9.99,,,,
20137002,2000.164176,31.571,64.284,,176,,174.7056,19.2543,4.9178,36.6178,216.57,-9.99,-9.99,,,-9.99,,,,
20137002,2000.164176,31.571,64.284,,178,,176.6901,19.2526,4.9177,36.6176,217.78,-9.99,-9.99,,,-9.99,,,,
20137002,2000.164176,31.571,64.284,,180,,178.6745,19.2471,4.9171,36.6166,217.29,-9.99,-9.99,,,-9.99,,,,
20137002,2000.164176,31.571,64.284,,182,,180.6589,19.2461,4.917,36.6163,215.89,-9.99,-9.99,,,-9.99,,,,
20137002,2000.164176,31.571,64.284,,184,,182.6433,19.2441,4.9168,36.6157,214.01,-9.99,-9.99,,,-9.99,,,,
20137002,2000.164176,31.571,64.284,,186,,184.6276,19.2396,4.9163,36.6148,214.14,-9.99,-9.99,,,-9.99,,,,
20137002,2000.164176,31.571,64.284,,188,,186.612,19.2392,4.9163,36.6145,214.14,-9.99,-9.99,,,-9.99,,,,
20137002,2000.164176,31.571,64.284,,190,,188.5963,19.2379,4.9163,36.6142,213.52,-9.99,-9.99,,,-9.99,,,,
20137002,2000.164176,31.571,64.284,,192,,190.5806,19.2381,4.9164,36.6142,213.17,-9.99,-9.99,,,-9.99,,,,
20137002,2000.164176,31.571,64.284,,194,,192.5649,19.236,4.9162,36.6137,213.09,-9.99,-9.99,,,-9.99,,,,
20137002,2000.164176,31.571,64.284,,196,,194.5491,19.2343,4.916,36.6133,212.73,-9.99,-9.99,,,-9.99,,,,
20137002,2000.164176,31.571,64.284,,198,,196.5334,19.234,4.9161,36.613,212.75,-9.99,-9.99,,,-9.99,,,,
20137002,2000.164176,31.571,64.284,,200,,198.5176,19.2335,4.9161,36.6129,213.02,-9.99,-9.99,,,-9.99,,,,
20137002,2000.164176,31.571,64.284,,202,,200.5018,19.2299,4.9157,36.612,212.9,-9.99,-9.99,,,-9.99,,,,
20137002,2000.164176,31.571,64.284,,204,,202.486,19.2195,4.9144,36.6096,211.98,-9.99,-9.99,,,-9.99,,,,
20137002,2000.164176,31.571,64.284,,206,,204.4702,19.2112,4.9134,36.608,210.63,-9.99,-9.99,,,-9.99,,,,
20137002,2000.164176,31.571,64.284,,208,,206.4543,19.2103,4.9134,36.6079,211.14,-9.99,-9.99,,,-9.99,,,,
20137002,2000.164176,31.571,64.284,,210,,208.4384,19.2091,4.9134,36.6079,211.29,-9.99,-9.99,,,-9.99,,,,
20137002,2000.164176,31.571,64.284,,212,,210.4225,19.2037,4.9128,36.6073,210.43,-9.99,-9.99,,,-9.99,,,,
20137002,2000.164176,31.571,64.284,,214,,212.4066,19.1673,4.9085,36.602,208.71,-9.99,-9.99,,,-9.99,,,,
20137002,2000.164176,31.571,64.284,,216,,214.3907,19.1307,4.9041,36.5965,207.38,-9.99,-9.99,,,-9.99,,,,
20137002,2000.164176,31.571,64.284,,218,,216.3748,19.1161,4.9025,36.5958,206.83,-9.99,-9.99,,,-9.99,,,,
20137002,2000.164176,31.571,64.284,,220,,218.3588,19.1145,4.9024,36.5956,205.97,-9.99,-9.99,,,-9.99,,,,
20137002,2000.164176,31.571,64.284,,222,,220.3428,19.1094,4.9019,36.595,206.01,-9.99,-9.99,,,-9.99,,,,
20137002,2000.164176,31.571,64.284,,224,,222.3268,19.1033,4.9013,36.5942,206.15,-9.99,-9.99,,,-9.99,,,,
20137002,2000.164176,31.571,64.284,,226,,224.3108,19.0979,4.9007,36.5933,206.62,-9.99,-9.99,,,-9.99,,,,
20137002,2000.164176,31.571,64.284,,228,,226.2947,19.0848,4.8993,36.5925,205.64,-9.99,-9.99,,,-9.99,,,,
20137002,2000.164176,31.571,64.284,,230,,228.2787,19.0748,4.8983,36.5926,205.17,-9.99,-9.99,,,-9.99,,,,
20137002,2000.164176,31.571,64.284,,232,,230.2626,19.0627,4.8971,36.5923,205.6,-9.99,-9.99,,,-9.99,,,,
20137002,2000.164176,31.571,64.284,,234,,232.2465,19.0556,4.8965,36.5922,206.23,-9.99,-9.99,,,-9.99,,,,
20137002,2000.164176,31.571,64.284,,236,,234.2304,19.0535,4.8964,36.5924,205.62,-9.99,-9.99,,,-9.99,,,,
20137002,2000.164176,31.571,64.284,,238,,236.2142,19.038,4.8947,36.5918,204.66,-9.99,-9.99,,,-9.99,,,,
20137002,2000.164176,31.571,64.284,,240,,238.1981,19.03,4.8938,36.5905,203.81,-9.99,-9.99,,,-9.99,,,,
20137002,2000.164176,31.571,64.284,,242,,240.1819,19.0129,4.8919,36.5881,203.55,-9.99,-9.99,,,-9.99,,,,
20137002,2000.164176,31.571,64.284,,244,,242.1657,18.9912,4.8895,36.5864,204.24,-9.99,-9.99,,,-9.99,,,,
20137002,2000.164176,31.571,64.284,,246,,244.1495,18.9832,4.8888,36.5871,204.08,-9.99,-9.99,,,-9.99,,,,
20137002,2000.164176,31.571,64.284,,248,,246.1332,18.9559,4.8857,36.5842,202.55,-9.99,-9.99,,,-9.99,,,,
20137002,2000.164176,31.571,64.284,,250,,248.117,18.9269,4.8823,36.5803,201.52,-9.99,-9.99,,,-9.99,,,,
20137002,2000.164176,31.571,64.284,,252,,250.1007,18.9048,4.8797,36.5776,200.36,-9.99,-9.99,,,-9.99,,,,
20137002,2000.164176,31.571,64.284,,254,,252.0844,18.8729,4.8761,36.5743,197.99,-9.99,-9.99,,,-9.99,,,,
20137002,2000.164176,31.571,64.284,,256,,254.0681,18.8279,4.871,36.5701,197.2,-9.99,-9.99,,,-9.99,,,,
20137002,2000.164176,31.571,64.284,,258,,256.0518,18.8041,4.8684,36.5685,196.91,-9.99,-9.99,,,-9.99,,,,
20137002,2000.164176,31.571,64.284,,260,,258.0354,18.7806,4.8658,36.5671,196.6,-9.99,-9.99,,,-9.99,,,,
20137002,2000.164176,31.571,64.284,,262,,260.0191,18.7661,4.8643,36.5663,196.13,-9.99,-9.99,,,-9.99,,,,
20137002,2000.164176,31.571,64.284,,264,,262.0027,18.7452,4.8621,36.5653,195.78,-9.99,-9.99,,,-9.99,,,,
20137002,2000.164176,31.571,64.284,,266,,263.9863,18.7329,4.8608,36.565,195.8,-9.99,-9.99,,,-9.99,,,,
20137002,2000.164176,31.571,64.284,,268,,265.9698,18.7203,4.8596,36.5648,194.84,-9.99,-9.99,,,-9.99,,,,
20137002,2000.164176,31.571,64.284,,270,,267.9534,18.7068,4.8582,36.5645,193.8,-9.99,-9.99,,,-9.99,,,,
20137002,2000.164176,31.571,64.284,,272,,269.9369,18.6983,4.8574,36.5642,193.19,-9.99,-9.99,,,-9.99,,,,
20137002,2000.164176,31.571,64.284,,274,,271.9204,18.6877,4.8563,36.5639,192.84,-9.99,-9.99,,,-9.99,,,,
20137002,2000.164176,31.571,64.284,,276,,273.9039,18.6807,4.8557,36.5639,192.84,-9.99,-9.99,,,-9.99,,,,
20137002,2000.164176,31.571,64.284,,278,,275.8874,18.6764,4.8553,36.5637,192.75,-9.99,-9.99,,,-9.99,,,,
20137002,2000.164176,31.571,64.284,,280,,277.8709,18.6672,4.8544,36.5633,192.31,-9.99,-9.99,,,-9.99,,,,
20137002,2000.164176,31.571,64.284,,282,,279.8543,18.6451,4.8521,36.5623,192.25,-9.99,-9.99,,,-9.99,,,,
20137002,2000.164176,31.571,64.284,,284,,281.8377,18.6149,4.8488,36.5605,191.46,-9.99,-9.99,,,-9.99,,,,
20137002,2000.164176,31.571,64.284,,286,,283.8211,18.6045,4.8477,36.5601,191.18,-9.99,-9.99,,,-9.99,,,,
20137002,2000.164176,31.571,64.284,,288,,285.8045,18.6053,4.8479,36.5602,190.98,-9.99,-9.99,,,-9.99,,,,
20137002,2000.164176,31.571,64.284,,290,,287.7879,18.6005,4.8475,36.56,190.19,-9.99,-9.99,,,-9.99,,,,
20137002,2000.164176,31.571,64.284,,292,,289.7712,18.5924,4.8467,36.5595,190.67,-9.99,-9.99,,,-9.99,,,,
20137002,2000.164176,31.571,64.284,,294,,291.7546,18.5724,4.8446,36.5593,191.06,-9.99,-9.99,,,-9.99,,,,
20137002,2000.164176,31.571,64.284,,296,,293.7379,18.5461,4.8419,36.5584,189.99,-9.99,-9.99,,,-9.99,,,,
20137002,2000.164176,31.571,64.284,,298,,295.7211,18.5126,4.8382,36.5566,190.01,-9.99,-9.99,,,-9.99,,,,
20137002,2000.164176,31.571,64.284,,300,,297.7044,18.4982,4.8367,36.5555,189.86,-9.99,-9.99,,,-9.99,,,,
20137002,2000.164176,31.571,64.284,,302,,299.6877,18.4901,4.8359,36.5551,189.79,-9.99,-9.99,,,-9.99,,,,
20137002,2000.164176,31.571,64.284,,304,,301.6709,18.4816,4.8351,36.5548,190.16,-9.99,-9.99,,,-9.99,,,,
20137002,2000.164176,31.571,64.284,,306,,303.6541,18.4741,4.8344,36.5547,190.4,-9.99,-9.99,,,-9.99,,,,
20137002,2000.164176,31.571,64.284,,308,,305.6373,18.4584,4.8327,36.5541,190.22,-9.99,-9.99,,,-9.99,,,,
20137002,2000.164176,31.571,64.284,,310,,307.6205,18.4547,4.8324,36.5542,191.01,-9.99,-9.99,,,-9.99,,,,
20137002,2000.164176,31.571,64.284,,312,,309.6036,18.4535,4.8324,36.5545,191.3,-9.99,-9.99,,,-9.99,,,,
20137002,2000.164176,31.571,64.284,,314,,311.5868,18.4515,4.8324,36.5549,190.77,-9.99,-9.99,,,-9.99,,,,
20137002,2000.164176,31.571,64.284,,316,,313.5699,18.4485,4.8322,36.555,190.38,-9.99,-9.99,,,-9.99,,,,
20137002,2000.164176,31.571,64.284,,318,,315.553,18.4438,4.8318,36.5553,190.42,-9.99,-9.99,,,-9.99,,,,
20137002,2000.164176,31.571,64.284,,320,,317.536,18.4332,4.8309,36.5561,191.2,-9.99,-9.99,,,-9.99,,,,
20137002,2000.164176,31.571,64.284,,322,,319.5191,18.4245,4.8301,36.5564,191.24,-9.99,-9.99,,,-9.99,,,,
20137002,2000.164176,31.571,64.284,,324,,321.5021,18.411,4.8286,36.5548,191.38,-9.99,-9.99,,,-9.99,,,,
20137002,2000.164176,31.571,64.284,,326,,323.4852,18.3862,4.8259,36.5529,191.16,-9.99,-9.99,,,-9.99,,,,
20137002,2000.164176,31.571,64.284,,328,,325.4682,18.3681,4.8239,36.552,191.2,-9.99,-9.99,,,-9.99,,,,
20137002,2000.164176,31.571,64.284,,330,,327.4511,18.3622,4.8236,36.5532,191.73,-9.99,-9.99,,,-9.99,,,,
20137002,2000.164176,31.571,64.284,,332,,329.4341,18.3572,4.8233,36.5544,191.89,-9.99,-9.99,,,-9.99,,,,
20137002,2000.164176,31.571,64.284,,334,,331.417,18.3503,4.8227,36.5553,191.97,-9.99,-9.99,,,-9.99,,,,
20137002,2000.164176,31.571,64.284,,336,,333.4,18.3429,4.8221,36.5552,191.71,-9.99,-9.99,,,-9.99,,,,
20137002,2000.164176,31.571,64.284,,338,,335.3829,18.3439,4.8222,36.5549,191.32,-9.99,-9.99,,,-9.99,,,,
20137002,2000.164176,31.571,64.284,,340,,337.3658,18.3229,4.8198,36.5526,191.11,-9.99,-9.99,,,-9.99,,,,
20137002,2000.164176,31.571,64.284,,342,,339.3486,18.2878,4.8157,36.5476,190.9,-9.99,-9.99,,,-9.99,,,,
20137002,2000.164176,31.571,64.284,,344,,341.3315,18.2708,4.8136,36.5442,190.88,-9.99,-9.99,,,-9.99,,,,
20137002,2000.164176,31.571,64.284,,346,,343.3143,18.2563,4.8119,36.5419,189.69,-9.99,-9.99,,,-9.99,,,,
20137002,2000.164176,31.571,64.284,,348,,345.2971,18.2288,4.8087,36.5382,188.62,-9.99,-9.99,,,-9.99,,,,
20137002,2000.164176,31.571,64.284,,350,,347.2799,18.2196,4.8077,36.5375,189.03,-9.99,-9.99,,,-9.99,,,,
20137002,2000.164176,31.571,64.284,,352,,349.2627,18.2126,4.8071,36.5371,189.06,-9.99,-9.99,,,-9.99,,,,
20137002,2000.164176,31.571,64.284,,354,,351.2454,18.2078,4.8066,36.5368,189.67,-9.99,-9.99,,,-9.99,,,,
20137002,2000.164176,31.571,64.284,,356,,353.2282,18.2058,4.8065,36.5369,189.99,-9.99,-9.99,,,-9.99,,,,
20137002,2000.164176,31.571,64.284,,358,,355.2109,18.1835,4.804,36.5345,190.36,-9.99,-9.99,,,-9.99,,,,
20137002,2000.164176,31.571,64.284,,360,,357.1936,18.1766,4.8032,36.5335,190.12,-9.99,-9.99,,,-9.99,,,,
20137002,2000.164176,31.571,64.284,,362,,359.1762,18.1695,4.8025,36.5328,190.76,-9.99,-9.99,,,-9.99,,,,
20137002,2000.164176,31.571,64.284,,364,,361.1589,18.1532,4.8007,36.5311,191.98,-9.99,-9.99,,,-9.99,,,,
20137002,2000.164176,31.571,64.284,,366,,363.1415,18.1271,4.7977,36.5283,192.17,-9.99,-9.99,,,-9.99,,,,
20137002,2000.164176,31.571,64.284,,368,,365.1242,18.1139,4.7963,36.527,191.61,-9.99,-9.99,,,-9.99,,,,
20137002,2000.164176,31.571,64.284,,370,,367.1068,18.1127,4.7962,36.5268,190.93,-9.99,-9.99,,,-9.99,,,,
20137002,2000.164176,31.571,64.284,,372,,369.0893,18.1093,4.7959,36.5263,189.61,-9.99,-9.99,,,-9.99,,,,
20137002,2000.164176,31.571,64.284,,374,,371.0719,18.101,4.7951,36.5259,188.57,-9.99,-9.99,,,-9.99,,,,
20137002,2000.164176,31.571,64.284,,376,,373.0544,18.1001,4.7951,36.5262,188.94,-9.99,-9.99,,,-9.99,,,,
20137002,2000.164176,31.571,64.284,,378,,375.037,18.0934,4.7944,36.525,190,-9.99,-9.99,,,-9.99,,,,
20137002,2000.164176,31.571,64.284,,380,,377.0195,18.0845,4.7934,36.5235,190.31,-9.99,-9.99,,,-9.99,,,,
20137002,2000.164176,31.571,64.284,,382,,379.002,18.0778,4.7926,36.5225,190.3,-9.99,-9.99,,,-9.99,,,,
20137002,2000.164176,31.571,64.284,,384,,380.9844,18.0678,4.7915,36.5211,190.21,-9.99,-9.99,,,-9.99,,,,
20137002,2000.164176,31.571,64.284,,386,,382.9669,18.0582,4.7905,36.5198,189.61,-9.99,-9.99,,,-9.99,,,,
20137002,2000.164176,31.571,64.284,,388,,384.9493,18.0409,4.7885,36.5174,189.86,-9.99,-9.99,,,-9.99,,,,
20137002,2000.164176,31.571,64.284,,390,,386.9317,18.0312,4.7874,36.516,190.36,-9.99,-9.99,,,-9.99,,,,
20137002,2000.164176,31.571,64.284,,392,,388.9141,18.0262,4.7869,36.5154,190.58,-9.99,-9.99,,,-9.99,,,,
20137002,2000.164176,31.571,64.284,,394,,390.8965,18.0137,4.7855,36.5137,190.95,-9.99,-9.99,,,-9.99,,,,
20137002,2000.164176,31.571,64.284,,396,,392.8788,18.0108,4.7852,36.5132,191.48,-9.99,-9.99,,,-9.99,,,,
20137002,2000.164176,31.571,64.284,,398,,394.8611,18.0059,4.7847,36.5126,191.88,-9.99,-9.99,,,-9.99,,,,
20137002,2000.164176,31.571,64.284,,400,,396.8435,17.9978,4.7838,36.5114,191.6,-9.99,-9.99,,,-9.99,,,,
20137002,2000.164176,31.571,64.284,,402,,398.8258,17.9924,4.7832,36.5105,191.5,-9.99,-9.99,,,-9.99,,,,
20137002,2000.164176,31.571,64.284,,404,,400.808,17.9845,4.7824,36.5094,191.58,-9.99,-9.99,,,-9.99,,,,
20137002,2000.164176,31.571,64.284,,406,,402.7903,17.9739,4.7812,36.5081,191.37,-9.99,-9.99,,,-9.99,,,,
20137002,2000.164176,31.571,64.284,,408,,404.7725,17.9656,4.7803,36.5068,191.15,-9.99,-9.99,,,-9.99,,,,
20137002,2000.164176,31.571,64.284,,410,,406.7547,17.9598,4.7797,36.506,191.26,-9.99,-9.99,,,-9.99,,,,
20137002,2000.164176,31.571,64.284,,412,,408.7369,17.9474,4.7783,36.5041,190.95,-9.99,-9.99,,,-9.99,,,,
20137002,2000.164176,31.571,64.284,,414,,410.7191,17.9264,4.7758,36.501,190.95,-9.99,-9.99,,,-9.99,,,,
20137002,2000.164176,31.571,64.284,,416,,412.7013,17.8989,4.7725,36.4969,191.21,-9.99,-9.99,,,-9.99,,,,
20137002,2000.164176,31.571,64.284,,418,,414.6834,17.8832,4.7707,36.4939,191.23,-9.99,-9.99,,,-9.99,,,,
20137002,2000.164176,31.571,64.284,,420,,416.6655,17.8694,4.769,36.4913,191.01,-9.99,-9.99,,,-9.99,,,,
20137002,2000.164176,31.571,64.284,,422,,418.6477,17.853,4.7671,36.4889,190.67,-9.99,-9.99,,,-9.99,,,,
20137002,2000.164176,31.571,64.284,,424,,420.6297,17.8364,4.7651,36.4859,190.3,-9.99,-9.99,,,-9.99,,,,
20137002,2000.164176,31.571,64.284,,426,,422.6118,17.8233,4.7636,36.4834,189.7,-9.99,-9.99,,,-9.99,,,,
20137002,2000.164176,31.571,64.284,,428,,424.5939,17.8169,4.7628,36.4821,189.61,-9.99,-9.99,,,-9.99,,,,
20137002,2000.164176,31.571,64.284,,430,,426.5759,17.7992,4.7607,36.4789,189.67,-9.99,-9.99,,,-9.99,,,,
20137002,2000.164176,31.571,64.284,,432,,428.5579,17.7673,4.7569,36.4738,190.02,-9.99,-9.99,,,-9.99,,,,
20137002,2000.164176,31.571,64.284,,434,,430.5399,17.7477,4.7545,36.47,190.09,-9.99,-9.99,,,-9.99,,,,
20137002,2000.164176,31.571,64.284,,436,,432.5218,17.7345,4.753,36.4681,189.15,-9.99,-9.99,,,-9.99,,,,
20137002,2000.164176,31.571,64.284,,438,,434.5038,17.7262,4.752,36.4663,189.11,-9.99,-9.99,,,-9.99,,,,
20137002,2000.164176,31.571,64.284,,440,,436.4857,17.7008,4.749,36.4619,189.23,-9.99,-9.99,,,-9.99,,,,
20137002,2000.164176,31.571,64.284,,442,,438.4676,17.6939,4.7482,36.4607,188.95,-9.99,-9.99,,,-9.99,,,,
20137002,2000.164176,31.571,64.284,,444,,440.4495,17.6866,4.7474,36.4593,188.11,-9.99,-9.99,,,-9.99,,,,
20137002,2000.164176,31.571,64.284,,446,,442.4314,17.6686,4.7453,36.4563,187.83,-9.99,-9.99,,,-9.99,,,,
20137002,2000.164176,31.571,64.284,,448,,444.4133,17.6586,4.7441,36.4547,187.8,-9.99,-9.99,,,-9.99,,,,
20137002,2000.164176,31.571,64.284,,450,,446.3951,17.6495,4.7431,36.453,187.78,-9.99,-9.99,,,-9.99,,,,
20137002,2000.164176,31.571,64.284,,452,,448.3769,17.6416,4.7422,36.4516,188.09,-9.99,-9.99,,,-9.99,,,,
20137002,2000.164176,31.571,64.284,,454,,450.3587,17.6313,4.741,36.4497,188.26,-9.99,-9.99,,,-9.99,,,,
20137002,2000.164176,31.571,64.284,,456,,452.3405,17.6183,4.7394,36.4471,187.96,-9.99,-9.99,,,-9.99,,,,
20137002,2000.164176,31.571,64.284,,458,,454.3223,17.6115,4.7386,36.4456,187.5,-9.99,-9.99,,,-9.99,,,,
20137002,2000.164176,31.571,64.284,,460,,456.304,17.6022,4.7376,36.444,187.21,-9.99,-9.99,,,-9.99,,,,
20137002,2000.164176,31.571,64.284,,462,,458.2857,17.5905,4.7362,36.4418,187.02,-9.99,-9.99,,,-9.99,,,,
20137002,2000.164176,31.571,64.284,,464,,460.2674,17.5762,4.7345,36.439,186.92,-9.99,-9.99,,,-9.99,,,,
20137002,2000.164176,31.571,64.284,,466,,462.2491,17.5625,4.7329,36.4366,186.47,-9.99,-9.99,,,-9.99,,,,
20137002,2000.164176,31.571,64.284,,468,,464.2308,17.5444,4.7307,36.4332,186.15,-9.99,-9.99,,,-9.99,,,,
20137002,2000.164176,31.571,64.284,,470,,466.2124,17.5361,4.7298,36.4318,186.21,-9.99,-9.99,,,-9.99,,,,
20137002,2000.164176,31.571,64.284,,472,,468.1941,17.5272,4.7288,36.4304,186.22,-9.99,-9.99,,,-9.99,,,,
20137002,2000.164176,31.571,64.284,,474,,470.1757,17.5074,4.7264,36.4271,186.32,-9.99,-9.99,,,-9.99,,,,
20137002,2000.164176,31.571,64.284,,476,,472.1573,17.4792,4.723,36.4221,186.69,-9.99,-9.99,,,-9.99,,,,
20137002,2000.164176,31.571,64.284,,478,,474.1388,17.4577,4.7204,36.4181,186.6,-9.99,-9.99,,,-9.99,,,,
20137002,2000.164176,31.571,64.284,,480,,476.1204,17.4357,4.7178,36.4143,186.06,-9.99,-9.99,,,-9.99,,,,
20137002,2000.164176,31.571,64.284,,482,,478.1019,17.4129,4.715,36.4101,185.59,-9.99,-9.99,,,-9.99,,,,
20137002,2000.164176,31.571,64.284,,484,,480.0834,17.394,4.7128,36.4065,185.15,-9.99,-9.99,,,-9.99,,,,
20137002,2000.164176,31.571,64.284,,486,,482.0649,17.3885,4.7122,36.4056,184.12,-9.99,-9.99,,,-9.99,,,,
20137002,2000.164176,31.571,64.284,,488,,484.0464,17.3818,4.7114,36.4042,184.02,-9.99,-9.99,,,-9.99,,,,
20137002,2000.164176,31.571,64.284,,490,,486.0279,17.3735,4.7105,36.4028,184.1,-9.99,-9.99,,,-9.99,,,,
20137002,2000.164176,31.571,64.284,,492,,488.0093,17.361,4.7091,36.401,183.15,-9.99,-9.99,,,-9.99,,,,
20137002,2000.164176,31.571,64.284,,494,,489.9907,17.3065,4.7025,36.392,182.74,-9.99,-9.99,,,-9.99,,,,
20137002,2000.164176,31.571,64.284,,496,,491.9721,17.2723,4.6983,36.3858,183.18,-9.99,-9.99,,,-9.99,,,,
20137002,2000.164176,31.571,64.284,,498,,493.9535,17.2592,4.6968,36.383,183.41,-9.99,-9.99,,,-9.99,,,,
20137002,2000.164176,31.571,64.284,,500,,495.9349,17.2517,4.6959,36.3817,183.2,-9.99,-9.99,,,-9.99,,,,
20137002,2000.164176,31.571,64.284,,502,,497.9162,17.216,4.6916,36.3754,182.85,-9.99,-9.99,,,-9.99,,,,
20137002,2000.164176,31.571,64.284,,504,,499.8975,17.1874,4.6881,36.3694,182.3,-9.99,-9.99,,,-9.99,,,,
20137002,2000.164176,31.571,64.284,,506,,501.8788,17.1589,4.6846,36.3644,181.52,-9.99,-9.99,,,-9.99,,,,
20137002,2000.164176,31.571,64.284,,508,,503.8601,17.1176,4.6798,36.3582,180.81,-9.99,-9.99,,,-9.99,,,,
